Codigo_Venda,Data,ID_Loja,Produto,Quantidade,Valor_Unitario,Valor_Final
200805093CS607,5/9/2008 0:00,199,Adventure Works Laptop15.4W M1548 Red,6,758,4548
200805123CS567,5/12/2008 0:00,306,Adventure Works Laptop15.4W M1548 Red,6,758,4548
200805143CS576,5/14/2008 0:00,306,Adventure Works Laptop15.4W M1548 Red,6,758,4548
200805213CS576,5/21/2008 0:00,306,Adventure Works Laptop15.4W M1548 Red,6,758,4548
200806203CS586,6/20/2008 0:00,306,Adventure Works Laptop15.4W M1548 Red,6,758,4548
200807123CS588,7/12/2008 0:00,306,Adventure Works Laptop15.4W M1548 Red,6,758,4548
200808143CS628,8/14/2008 0:00,307,Adventure Works Laptop15.4W M1548 Red,6,758,4548
200809293CS637,9/29/2008 0:00,307,Adventure Works Laptop15.4W M1548 Red,6,758,4548
200810093CS637,10/9/2008 0:00,307,Adventure Works Laptop15.4W M1548 Red,6,758,4548
200810163CS646,10/16/2008 0:00,307,Adventure Works Laptop15.4W M1548 Red,6,758,4548
200810213CS646,10/21/2008 0:00,307,Adventure Works Laptop15.4W M1548 Red,6,758,4548
200905023CS847,5/2/2009 0:00,199,Adventure Works Laptop15.4W M1548 Red,6,758,4548
200905163CS746,5/16/2009 0:00,306,Adventure Works Laptop15.4W M1548 Red,6,758,4548
200905313CS748,5/31/2009 0:00,306,Adventure Works Laptop15.4W M1548 Red,6,758,4548
200906283CS870,6/28/2009 0:00,199,Adventure Works Laptop15.4W M1548 Red,6,758,4548
200907083CS757,7/8/2009 0:00,306,Adventure Works Laptop15.4W M1548 Red,6,758,4548
200907183CS760,7/18/2009 0:00,306,Adventure Works Laptop15.4W M1548 Red,6,758,4548
200909123CS725,9/12/2009 0:00,307,Adventure Works Laptop15.4W M1548 Red,6,758,4548
200910063CS727,10/6/2009 0:00,307,Adventure Works Laptop15.4W M1548 Red,6,758,4548
200805044CS605,5/4/2008 0:00,199,Fabrikam Trendsetter 1/3'' 8.5mm X200 White,6,998,5988
200805064CS606,5/6/2008 0:00,199,Fabrikam Trendsetter 1/3'' 8.5mm X200 White,6,998,5988
200806264CS625,6/26/2008 0:00,199,Fabrikam Trendsetter 1/3'' 8.5mm X200 White,6,998,5988
200806284CS625,6/28/2008 0:00,199,Fabrikam Trendsetter 1/3'' 8.5mm X200 White,6,998,5988
200806284CS627,6/28/2008 0:00,199,Fabrikam Trendsetter 1/3'' 8.5mm X200 White,6,998,5988
200808104CS628,8/10/2008 0:00,307,Fabrikam Trendsetter 1/3'' 8.5mm X200 White,6,998,5988
200809254CS637,9/25/2008 0:00,307,Fabrikam Trendsetter 1/3'' 8.5mm X200 White,6,998,5988
200810204CS646,10/20/2008 0:00,307,Fabrikam Trendsetter 1/3'' 8.5mm X200 White,6,998,5988
200810224CS785,10/22/2008 0:00,199,Fabrikam Trendsetter 1/3'' 8.5mm X200 White,6,998,5988
200906244CS869,6/24/2009 0:00,199,Fabrikam Trendsetter 1/3'' 8.5mm X200 White,6,998,5988
200909224CS725,9/22/2009 0:00,307,Fabrikam Trendsetter 1/3'' 8.5mm X200 White,6,998,5988
200910154CS727,10/15/2009 0:00,307,Fabrikam Trendsetter 1/3'' 8.5mm X200 White,6,998,5988
200910284CS728,10/28/2009 0:00,307,Fabrikam Trendsetter 1/3'' 8.5mm X200 White,6,998,5988
200805024CS567,5/2/2008 0:00,306,Fabrikam Trendsetter 1/3'' 8.5mm X200 White,6,998,5988
200805044CS567,5/4/2008 0:00,306,Fabrikam Trendsetter 1/3'' 8.5mm X200 White,6,998,5988
200806074CS586,6/7/2008 0:00,306,Fabrikam Trendsetter 1/3'' 8.5mm X200 White,6,998,5988
200806084CS586,6/8/2008 0:00,306,Fabrikam Trendsetter 1/3'' 8.5mm X200 White,6,998,5988
200806124CS586,6/12/2008 0:00,306,Fabrikam Trendsetter 1/3'' 8.5mm X200 White,6,998,5988
200906034CS748,6/3/2009 0:00,306,Fabrikam Trendsetter 1/3'' 8.5mm X200 White,6,998,5988
200906054CS748,6/5/2009 0:00,306,Fabrikam Trendsetter 1/3'' 8.5mm X200 White,6,998,5988
200907134CS757,7/13/2009 0:00,306,Fabrikam Trendsetter 1/3'' 8.5mm X200 White,6,998,5988
200907164CS760,7/16/2009 0:00,306,Fabrikam Trendsetter 1/3'' 8.5mm X200 White,6,998,5988
200907224CS760,7/22/2009 0:00,306,Fabrikam Trendsetter 1/3'' 8.5mm X200 White,6,998,5988
200804114CS600,4/11/2008 0:00,199,Fabrikam Trendsetter 1/3'' 8.5mm X200 Grey,6,998,5988
200804124CS600,4/12/2008 0:00,199,Fabrikam Trendsetter 2/3'' 17mm X100 Grey,6,980,5880
200805114CS567,5/11/2008 0:00,306,Fabrikam Trendsetter 1/3'' 8.5mm X200 Grey,6,998,5988
200805124CS567,5/12/2008 0:00,306,Fabrikam Trendsetter 2/3'' 17mm X100 Grey,6,980,5880
200805124CS567,5/12/2008 0:00,306,Fabrikam Trendsetter 1/3'' 8.5mm X200 Grey,6,998,5988
200805144CS609,5/14/2008 0:00,199,Fabrikam Trendsetter 2/3'' 17mm X100 Grey,6,980,5880
200805164CS576,5/16/2008 0:00,306,Fabrikam Trendsetter 2/3'' 17mm X100 Grey,6,980,5880
200805204CS576,5/20/2008 0:00,306,Fabrikam Trendsetter 1/3'' 8.5mm X200 Grey,6,998,5988
200805204CS610,5/20/2008 0:00,199,Fabrikam Trendsetter 1/3'' 8.5mm X200 Grey,6,998,5988
200805214CS576,5/21/2008 0:00,306,Fabrikam Trendsetter 2/3'' 17mm X100 Grey,6,980,5880
200805264CS576,5/26/2008 0:00,306,Fabrikam Trendsetter 1/3'' 8.5mm X200 Grey,6,998,5988
200805304CS576,5/30/2008 0:00,306,Fabrikam Trendsetter 2/3'' 17mm X100 Grey,6,980,5880
200805314CS576,5/31/2008 0:00,306,Fabrikam Trendsetter 1/3'' 8.5mm X200 Grey,6,998,5988
200806014CS576,6/1/2008 0:00,306,Fabrikam Trendsetter 1/3'' 8.5mm X200 Grey,6,998,5988
200806074CS617,6/7/2008 0:00,199,Fabrikam Trendsetter 1/3'' 8.5mm X200 Grey,6,998,5988
200806124CS618,6/12/2008 0:00,199,Fabrikam Trendsetter 1/3'' 8.5mm X200 Grey,6,998,5988
200806154CS619,6/15/2008 0:00,199,Fabrikam Trendsetter 1/3'' 8.5mm X200 Grey,6,998,5988
200806254CS625,6/25/2008 0:00,199,Fabrikam Trendsetter 2/3'' 17mm X100 Grey,6,980,5880
200806284CS586,6/28/2008 0:00,306,Fabrikam Trendsetter 1/3'' 8.5mm X200 Grey,6,998,5988
200806294CS586,6/29/2008 0:00,306,Fabrikam Trendsetter 1/3'' 8.5mm X200 Grey,6,998,5988
200806294CS586,6/29/2008 0:00,306,Fabrikam Trendsetter 2/3'' 17mm X100 Grey,6,980,5880
200807064CS588,7/6/2008 0:00,306,Fabrikam Trendsetter 1/3'' 8.5mm X200 Grey,6,998,5988
200807104CS599,7/10/2008 0:00,307,Fabrikam Trendsetter 2/3'' 17mm X100 Grey,6,980,5880
200807214CS588,7/21/2008 0:00,306,Fabrikam Trendsetter 1/3'' 8.5mm X200 Grey,6,998,5988
200807214CS588,7/21/2008 0:00,306,Fabrikam Trendsetter 2/3'' 17mm X100 Grey,6,980,5880
200807264CS608,7/26/2008 0:00,306,Fabrikam Trendsetter 2/3'' 17mm X100 Grey,6,980,5880
200810014CS637,10/1/2008 0:00,307,Fabrikam Trendsetter 1/3'' 8.5mm X200 Grey,6,998,5988
200810044CS707,10/4/2008 0:00,199,Fabrikam Trendsetter 2/3'' 17mm X100 Grey,6,980,5880
200810054CS637,10/5/2008 0:00,307,Fabrikam Trendsetter 1/3'' 8.5mm X200 Grey,6,998,5988
200810104CS637,10/10/2008 0:00,307,Fabrikam Trendsetter 2/3'' 17mm X100 Grey,6,980,5880
200810204CS646,10/20/2008 0:00,307,Fabrikam Trendsetter 1/3'' 8.5mm X200 Grey,6,998,5988
200810214CS646,10/21/2008 0:00,307,Fabrikam Trendsetter 1/3'' 8.5mm X200 Grey,6,998,5988
200810224CS785,10/22/2008 0:00,199,Fabrikam Trendsetter 2/3'' 17mm X100 Grey,6,980,5880
200810284CS646,10/28/2008 0:00,307,Fabrikam Trendsetter 1/3'' 8.5mm X200 Grey,6,998,5988
200904034CS837,4/3/2009 0:00,199,Fabrikam Trendsetter 1/3'' 8.5mm X200 Grey,6,998,5988
200904074CS839,4/7/2009 0:00,199,Fabrikam Trendsetter 2/3'' 17mm X100 Grey,6,980,5880
200905124CS746,5/12/2009 0:00,306,Fabrikam Trendsetter 2/3'' 17mm X100 Grey,6,980,5880
200905304CS858,5/30/2009 0:00,199,Fabrikam Trendsetter 2/3'' 17mm X100 Grey,6,980,5880
200906194CS867,6/19/2009 0:00,199,Fabrikam Trendsetter 1/3'' 8.5mm X200 Grey,6,998,5988
200907064CS757,7/6/2009 0:00,306,Fabrikam Trendsetter 2/3'' 17mm X100 Grey,6,980,5880
200907144CS757,7/14/2009 0:00,306,Fabrikam Trendsetter 1/3'' 8.5mm X200 Grey,6,998,5988
200907174CS760,7/17/2009 0:00,306,Fabrikam Trendsetter 2/3'' 17mm X100 Grey,6,980,5880
200907254CS760,7/25/2009 0:00,306,Fabrikam Trendsetter 2/3'' 17mm X100 Grey,6,980,5880
200907304CS720,7/30/2009 0:00,307,Fabrikam Trendsetter 1/3'' 8.5mm X200 Grey,6,998,5988
200909214CS725,9/21/2009 0:00,307,Fabrikam Trendsetter 2/3'' 17mm X100 Grey,6,980,5880
200909274CS726,9/27/2009 0:00,307,Fabrikam Trendsetter 2/3'' 17mm X100 Grey,6,980,5880
200805014CS605,5/1/2008 0:00,199,Fabrikam Trendsetter 2/3'' 17mm X100 Black,6,980,5880
200805024CS605,5/2/2008 0:00,199,Fabrikam Trendsetter 2/3'' 17mm X100 Black,6,980,5880
200805054CS606,5/5/2008 0:00,199,Fabrikam Trendsetter 2/3'' 17mm X100 Black,6,980,5880
200805074CS606,5/7/2008 0:00,199,Fabrikam Trendsetter 2/3'' 17mm X100 Black,6,980,5880
200805154CS609,5/15/2008 0:00,199,Fabrikam Trendsetter 2/3'' 17mm X100 Black,6,980,5880
200805164CS576,5/16/2008 0:00,306,Fabrikam Trendsetter 1/3'' 8.5mm X200 Black,6,999,5994
200805184CS610,5/18/2008 0:00,199,Fabrikam Trendsetter 1/3'' 8.5mm X200 Black,6,999,5994
200805214CS610,5/21/2008 0:00,199,Fabrikam Trendsetter 1/3'' 8.5mm X200 Black,6,999,5994
200805224CS610,5/22/2008 0:00,199,Fabrikam Trendsetter 2/3'' 17mm X100 Black,6,980,5880
200805294CS576,5/29/2008 0:00,306,Fabrikam Trendsetter 2/3'' 17mm X100 Black,6,980,5880
200806044CS576,6/4/2008 0:00,306,Fabrikam Trendsetter 1/3'' 8.5mm X200 Black,6,999,5994
200806064CS586,6/6/2008 0:00,306,Fabrikam Trendsetter 1/3'' 8.5mm X200 Black,6,999,5994
200806104CS586,6/10/2008 0:00,306,Fabrikam Trendsetter 1/3'' 8.5mm X200 Black,6,999,5994
200806164CS586,6/16/2008 0:00,306,Fabrikam Trendsetter 2/3'' 17mm X100 Black,6,980,5880
200806224CS620,6/22/2008 0:00,199,Fabrikam Trendsetter 1/3'' 8.5mm X200 Black,6,999,5994
200806294CS627,6/29/2008 0:00,199,Fabrikam Trendsetter 2/3'' 17mm X100 Black,6,980,5880
200807054CS588,7/5/2008 0:00,306,Fabrikam Trendsetter 2/3'' 17mm X100 Black,6,980,5880
200807274CS608,7/27/2008 0:00,306,Fabrikam Trendsetter 1/3'' 8.5mm X200 Black,6,999,5994
200807304CS608,7/30/2008 0:00,306,Fabrikam Trendsetter 2/3'' 17mm X100 Black,6,980,5880
200807314CS628,7/31/2008 0:00,307,Fabrikam Trendsetter 2/3'' 17mm X100 Black,6,980,5880
200810114CS637,10/11/2008 0:00,307,Fabrikam Trendsetter 2/3'' 17mm X100 Black,6,980,5880
200810194CS646,10/19/2008 0:00,307,Fabrikam Trendsetter 2/3'' 17mm X100 Black,6,980,5880
200810204CS785,10/20/2008 0:00,199,Fabrikam Trendsetter 2/3'' 17mm X100 Black,6,980,5880
200810254CS786,10/25/2008 0:00,199,Fabrikam Trendsetter 2/3'' 17mm X100 Black,6,980,5880
200904084CS839,4/8/2009 0:00,199,Fabrikam Trendsetter 2/3'' 17mm X100 Black,6,980,5880
200904104CS840,4/10/2009 0:00,199,Fabrikam Trendsetter 2/3'' 17mm X100 Black,6,980,5880
200905024CS847,5/2/2009 0:00,199,Fabrikam Trendsetter 1/3'' 8.5mm X200 Black,6,999,5994
200905074CS746,5/7/2009 0:00,306,Fabrikam Trendsetter 2/3'' 17mm X100 Black,6,980,5880
200905074CS746,5/7/2009 0:00,306,Fabrikam Trendsetter 1/3'' 8.5mm X200 Black,6,999,5994
200905134CS746,5/13/2009 0:00,306,Fabrikam Trendsetter 2/3'' 17mm X100 Black,6,980,5880
200905144CS746,5/14/2009 0:00,306,Fabrikam Trendsetter 2/3'' 17mm X100 Black,6,980,5880
200906184CS866,6/18/2009 0:00,199,Fabrikam Trendsetter 2/3'' 17mm X100 Black,6,980,5880
200906214CS868,6/21/2009 0:00,199,Fabrikam Trendsetter 2/3'' 17mm X100 Black,6,980,5880
200906224CS868,6/22/2009 0:00,199,Fabrikam Trendsetter 1/3'' 8.5mm X200 Black,6,999,5994
200906284CS870,6/28/2009 0:00,199,Fabrikam Trendsetter 1/3'' 8.5mm X200 Black,6,999,5994
200907064CS757,7/6/2009 0:00,306,Fabrikam Trendsetter 1/3'' 8.5mm X200 Black,6,999,5994
200907164CS719,7/16/2009 0:00,307,Fabrikam Trendsetter 2/3'' 17mm X100 Black,6,980,5880
200907184CS719,7/18/2009 0:00,307,Fabrikam Trendsetter 2/3'' 17mm X100 Black,6,980,5880
200907284CS760,7/28/2009 0:00,306,Fabrikam Trendsetter 1/3'' 8.5mm X200 Black,6,999,5994
200909124CS725,9/12/2009 0:00,307,Fabrikam Trendsetter 1/3'' 8.5mm X200 Black,6,999,5994
200909244CS726,9/24/2009 0:00,307,Fabrikam Trendsetter 2/3'' 17mm X100 Black,6,980,5880
200910084CS727,10/8/2009 0:00,307,Fabrikam Trendsetter 2/3'' 17mm X100 Black,6,980,5880
200910154CS919,10/15/2009 0:00,199,Fabrikam Trendsetter 2/3'' 17mm X100 Black,6,980,5880
200805143CS576,5/14/2008 0:00,306,Adventure Works Laptop15.4W M1548 Black,6,758,4548
200806193CS619,6/19/2008 0:00,199,Adventure Works Laptop15.4W M1548 Black,6,758,4548
200807013CS588,7/1/2008 0:00,306,Adventure Works Laptop15.4W M1548 Black,6,758,4548
200807113CS588,7/11/2008 0:00,306,Adventure Works Laptop15.4W M1548 Black,6,758,4548
200807133CS588,7/13/2008 0:00,306,Adventure Works Laptop15.4W M1548 Black,6,758,4548
200807303CS628,7/30/2008 0:00,307,Adventure Works Laptop15.4W M1548 Black,6,758,4548
200810033CS707,10/3/2008 0:00,199,Adventure Works Laptop15.4W M1548 Black,6,758,4548
200810213CS646,10/21/2008 0:00,307,Adventure Works Laptop15.4W M1548 Black,6,758,4548
200810303CS648,10/30/2008 0:00,307,Adventure Works Laptop15.4W M1548 Black,6,758,4548
200904083CS839,4/8/2009 0:00,199,Adventure Works Laptop15.4W M1548 Black,6,758,4548
200904123CS840,4/12/2009 0:00,199,Adventure Works Laptop15.4W M1548 Black,6,758,4548
200905043CS848,5/4/2009 0:00,199,Adventure Works Laptop15.4W M1548 Black,6,758,4548
200905123CS746,5/12/2009 0:00,306,Adventure Works Laptop15.4W M1548 Black,6,758,4548
200905143CS746,5/14/2009 0:00,306,Adventure Works Laptop15.4W M1548 Black,6,758,4548
200906153CS866,6/15/2009 0:00,199,Adventure Works Laptop15.4W M1548 Black,6,758,4548
200906163CS866,6/16/2009 0:00,199,Adventure Works Laptop15.4W M1548 Black,6,758,4548
200906233CS868,6/23/2009 0:00,199,Adventure Works Laptop15.4W M1548 Black,6,758,4548
200907063CS757,7/6/2009 0:00,306,Adventure Works Laptop15.4W M1548 Black,6,758,4548
200910103CS727,10/10/2009 0:00,307,Adventure Works Laptop15.4W M1548 Black,6,758,4548
200910173CS727,10/17/2009 0:00,307,Adventure Works Laptop15.4W M1548 Black,6,758,4548
200910233CS728,10/23/2009 0:00,307,Adventure Works Laptop15.4W M1548 Black,6,758,4548
200806013CS576,6/1/2008 0:00,306,Adventure Works Laptop15.4W M1548 Red,12,758,9096
200806163CS586,6/16/2008 0:00,306,Adventure Works Laptop15.4W M1548 Red,12,758,9096
200806233CS620,6/23/2008 0:00,199,Adventure Works Laptop15.4W M1548 Red,12,758,9096
200807043CS588,7/4/2008 0:00,306,Adventure Works Laptop15.4W M1548 Red,12,758,9096
200906023CS748,6/2/2009 0:00,306,Adventure Works Laptop15.4W M1548 Red,12,758,9096
200910193CS920,10/19/2009 0:00,199,Adventure Works Laptop15.4W M1548 Red,12,758,9096
200804144CS600,4/14/2008 0:00,199,Fabrikam Trendsetter 1/3'' 8.5mm X200 Grey,12,998,11976
200805014CS567,5/1/2008 0:00,306,Fabrikam Trendsetter 1/3'' 8.5mm X200 Grey,12,998,11976
200805114CS607,5/11/2008 0:00,199,Fabrikam Trendsetter 1/3'' 8.5mm X200 Grey,12,998,11976
200805304CS576,5/30/2008 0:00,306,Fabrikam Trendsetter 1/3'' 8.5mm X200 Grey,12,998,11976
200806064CS617,6/6/2008 0:00,199,Fabrikam Trendsetter 2/3'' 17mm X100 Grey,12,980,11760
200806184CS619,6/18/2008 0:00,199,Fabrikam Trendsetter 2/3'' 17mm X100 Grey,12,980,11760
200806234CS620,6/23/2008 0:00,199,Fabrikam Trendsetter 1/3'' 8.5mm X200 Grey,12,998,11976
200806294CS627,6/29/2008 0:00,199,Fabrikam Trendsetter 1/3'' 8.5mm X200 Grey,12,998,11976
200807064CS588,7/6/2008 0:00,306,Fabrikam Trendsetter 2/3'' 17mm X100 Grey,12,980,11760
200810064CS637,10/6/2008 0:00,307,Fabrikam Trendsetter 2/3'' 17mm X100 Grey,12,980,11760
200810114CS637,10/11/2008 0:00,307,Fabrikam Trendsetter 1/3'' 8.5mm X200 Grey,12,998,11976
200810164CS646,10/16/2008 0:00,307,Fabrikam Trendsetter 1/3'' 8.5mm X200 Grey,12,998,11976
200810184CS646,10/18/2008 0:00,307,Fabrikam Trendsetter 1/3'' 8.5mm X200 Grey,12,998,11976
200904014CS836,4/1/2009 0:00,199,Fabrikam Trendsetter 2/3'' 17mm X100 Grey,12,980,11760
200906024CS859,6/2/2009 0:00,199,Fabrikam Trendsetter 2/3'' 17mm X100 Grey,12,980,11760
200907184CS760,7/18/2009 0:00,306,Fabrikam Trendsetter 1/3'' 8.5mm X200 Grey,12,998,11976
200909264CS726,9/26/2009 0:00,307,Fabrikam Trendsetter 1/3'' 8.5mm X200 Grey,12,998,11976
200910134CS727,10/13/2009 0:00,307,Fabrikam Trendsetter 2/3'' 17mm X100 Grey,12,980,11760
200804094CS597,4/9/2008 0:00,199,Fabrikam Trendsetter 1/3'' 8.5mm X200 White,12,998,11976
200808024CS628,8/2/2008 0:00,307,Fabrikam Trendsetter 1/3'' 8.5mm X200 White,12,998,11976
200808064CS628,8/6/2008 0:00,307,Fabrikam Trendsetter 1/3'' 8.5mm X200 White,12,998,11976
200810034CS637,10/3/2008 0:00,307,Fabrikam Trendsetter 1/3'' 8.5mm X200 White,12,998,11976
200904294CS846,4/29/2009 0:00,199,Fabrikam Trendsetter 1/3'' 8.5mm X200 White,12,998,11976
200905054CS848,5/5/2009 0:00,199,Fabrikam Trendsetter 1/3'' 8.5mm X200 White,12,998,11976
200907164CS757,7/16/2009 0:00,306,Fabrikam Trendsetter 1/3'' 8.5mm X200 White,12,998,11976
200910144CS918,10/14/2009 0:00,199,Fabrikam Trendsetter 1/3'' 8.5mm X200 White,12,998,11976
200910254CS728,10/25/2009 0:00,307,Fabrikam Trendsetter 1/3'' 8.5mm X200 White,12,998,11976
200809254CS637,9/25/2008 0:00,307,Fabrikam Trendsetter 1/3'' 8.5mm X200 Black,12,999,11988
200809294CS637,9/29/2008 0:00,307,Fabrikam Trendsetter 1/3'' 8.5mm X200 Black,12,999,11988
200810053CS637,10/5/2008 0:00,307,Adventure Works Laptop15.4W M1548 Black,12,758,9096
200909193CS725,9/19/2009 0:00,307,Adventure Works Laptop15.4W M1548 Black,12,758,9096
200910073CS727,10/7/2009 0:00,307,Adventure Works Laptop15.4W M1548 Black,12,758,9096
200810204CS646,10/20/2008 0:00,307,Fabrikam Trendsetter 2/3'' 17mm X100 Black,12,980,11760
200905243CS856,5/24/2009 0:00,199,Adventure Works Laptop15.4W M1548 Black,12,758,9096
200804094CS597,4/9/2008 0:00,199,Fabrikam Trendsetter 2/3'' 17mm X100 Black,12,980,11760
200804304CS605,4/30/2008 0:00,199,Fabrikam Trendsetter 1/3'' 8.5mm X200 Black,12,999,11988
200806064CS617,6/6/2008 0:00,199,Fabrikam Trendsetter 2/3'' 17mm X100 Black,12,980,11760
200806114CS618,6/11/2008 0:00,199,Fabrikam Trendsetter 1/3'' 8.5mm X200 Black,12,999,11988
200806264CS625,6/26/2008 0:00,199,Fabrikam Trendsetter 1/3'' 8.5mm X200 Black,12,999,11988
200810034CS707,10/3/2008 0:00,199,Fabrikam Trendsetter 1/3'' 8.5mm X200 Black,12,999,11988
200810054CS707,10/5/2008 0:00,199,Fabrikam Trendsetter 2/3'' 17mm X100 Black,12,980,11760
200910194CS920,10/19/2009 0:00,199,Fabrikam Trendsetter 2/3'' 17mm X100 Black,12,980,11760
200805044CS567,5/4/2008 0:00,306,Fabrikam Trendsetter 2/3'' 17mm X100 Black,12,980,11760
200905253CS748,5/25/2009 0:00,306,Adventure Works Laptop15.4W M1548 Black,12,758,9096
200906044CS748,6/4/2009 0:00,306,Fabrikam Trendsetter 1/3'' 8.5mm X200 Black,12,999,11988
200907053CS757,7/5/2009 0:00,306,Adventure Works Laptop15.4W M1548 Black,12,758,9096
200805154CS576,5/15/2008 0:00,306,Fabrikam Trendsetter 2/3'' 17mm X100 Black,12,980,11760
200805274CS576,5/27/2008 0:00,306,Fabrikam Trendsetter 1/3'' 8.5mm X200 Black,12,999,11988
200806073CS586,6/7/2008 0:00,306,Adventure Works Laptop15.4W M1548 Black,12,758,9096
200807173CS588,7/17/2008 0:00,306,Adventure Works Laptop15.4W M1548 Black,12,758,9096
200806274CS625,6/27/2008 0:00,199,Fabrikam Trendsetter 1/3'' 8.5mm X200 Black,18,999,17982
200810153CS646,10/15/2008 0:00,307,Adventure Works Laptop15.4W M1548 Black,18,758,13644
200810264CS786,10/26/2008 0:00,199,Fabrikam Trendsetter 2/3'' 17mm X100 Black,18,980,17640
200905194CS746,5/19/2009 0:00,306,Fabrikam Trendsetter 1/3'' 8.5mm X200 Black,18,999,17982
200905233CS748,5/23/2009 0:00,306,Adventure Works Laptop15.4W M1548 Black,18,758,13644
200905263CS748,5/26/2009 0:00,306,Adventure Works Laptop15.4W M1548 Black,18,758,13644
200907093CS757,7/9/2009 0:00,306,Adventure Works Laptop15.4W M1548 Black,18,758,13644
200909253CS726,9/25/2009 0:00,307,Adventure Works Laptop15.4W M1548 Black,18,758,13644
200806024CS576,6/2/2008 0:00,306,Fabrikam Trendsetter 2/3'' 17mm X100 Grey,18,980,17640
200806074CS617,6/7/2008 0:00,199,Fabrikam Trendsetter 2/3'' 17mm X100 Grey,18,980,17640
200806264CS586,6/26/2008 0:00,306,Fabrikam Trendsetter 1/3'' 8.5mm X200 Grey,18,998,17964
200807224CS588,7/22/2008 0:00,306,Fabrikam Trendsetter 1/3'' 8.5mm X200 Grey,18,998,17964
200906104CS748,6/10/2009 0:00,306,Fabrikam Trendsetter 2/3'' 17mm X100 Grey,18,980,17640
200910014CS726,10/1/2009 0:00,307,Fabrikam Trendsetter 2/3'' 17mm X100 Grey,18,980,17640
200806273CS625,6/27/2008 0:00,199,Adventure Works Laptop15.4W M1548 Red,18,758,13644
200907114CS719,7/11/2009 0:00,307,Fabrikam Trendsetter 2/3'' 17mm X100 Grey,8,980,7840
200907134CS719,7/13/2009 0:00,307,Fabrikam Trendsetter 1/3'' 8.5mm X200 White,8,998,7984
200907163CS719,7/16/2009 0:00,307,Adventure Works Laptop15.4W M1548 Red,8,758,6064
200907194CS719,7/19/2009 0:00,307,Fabrikam Trendsetter 1/3'' 8.5mm X200 White,8,998,7984
200907303CS720,7/30/2009 0:00,307,Adventure Works Laptop15.4W M1548 Black,8,758,6064
200907313CS720,7/31/2009 0:00,307,Adventure Works Laptop15.4W M1548 Black,8,758,6064
200907054CS718,7/5/2009 0:00,307,Fabrikam Trendsetter 1/3'' 8.5mm X200 Grey,8,998,7984
200807054CS599,7/5/2008 0:00,307,Fabrikam Trendsetter 2/3'' 17mm X100 Black,8,980,7840
200807083CS599,7/8/2008 0:00,307,Adventure Works Laptop15.4W M1548 Black,8,758,6064
200805194CS576,5/19/2008 0:00,306,Fabrikam Trendsetter 2/3'' 17mm X100 Grey,24,980,23520
200810104CS637,10/10/2008 0:00,307,Fabrikam Trendsetter 1/3'' 8.5mm X200 Grey,24,998,23952
200805024CS605,5/2/2008 0:00,199,Fabrikam Trendsetter 1/3'' 8.5mm X200 Black,24,999,23976
200806224CS586,6/22/2008 0:00,306,Fabrikam Trendsetter 1/3'' 8.5mm X200 Black,24,999,23976
200804134CS600,4/13/2008 0:00,199,Fabrikam Trendsetter 2/3'' 17mm X100 Black,30,980,29400
200807044CS599,7/4/2008 0:00,307,Fabrikam Trendsetter 1/3'' 8.5mm X200 Grey,15,998,14970
200807074CS599,7/7/2008 0:00,307,Fabrikam Trendsetter 2/3'' 17mm X100 Grey,13,980,12740
200807024CS599,7/2/2008 0:00,307,Fabrikam Trendsetter 1/3'' 8.5mm X200 Grey,14,998,13972
200907134CS719,7/13/2009 0:00,307,Fabrikam Trendsetter 2/3'' 17mm X100 Grey,14,980,13720
200907074CS718,7/7/2009 0:00,307,Fabrikam Trendsetter 2/3'' 17mm X100 Grey,16,980,15680
200907203CS720,7/20/2009 0:00,307,Adventure Works Laptop15.4W M1548 Red,13,758,9854
200907213CS720,7/21/2009 0:00,307,Adventure Works Laptop15.4W M1548 Red,19,758,14402
200907223CS720,7/22/2009 0:00,307,Adventure Works Laptop15.4W M1548 Black,7,758,5306
200907234CS720,7/23/2009 0:00,307,Fabrikam Trendsetter 2/3'' 17mm X100 Grey,7,980,6860
200805175CS609,5/17/2008 0:00,199,Headphone Adapter for Contoso Phone E130 Silver,240,9.99,2397.6
200806025CS576,6/2/2008 0:00,306,Headphone Adapter for Contoso Phone E130 Silver,240,9.99,2397.6
200806095CS586,6/9/2008 0:00,306,Headphone Adapter for Contoso Phone E130 Silver,120,9.99,1198.8
200806135CS618,6/13/2008 0:00,199,Headphone Adapter for Contoso Phone E130 Silver,240,9.99,2397.6
200806215CS586,6/21/2008 0:00,306,Headphone Adapter for Contoso Phone E130 Silver,240,9.99,2397.6
200806215CS620,6/21/2008 0:00,199,Headphone Adapter for Contoso Phone E130 Silver,240,9.99,2397.6
200806265CS586,6/26/2008 0:00,306,Headphone Adapter for Contoso Phone E130 Silver,120,9.99,1198.8
200806275CS586,6/27/2008 0:00,306,Headphone Adapter for Contoso Phone E130 Silver,120,9.99,1198.8
200807015CS588,7/1/2008 0:00,306,Headphone Adapter for Contoso Phone E130 Silver,120,9.99,1198.8
200807055CS588,7/5/2008 0:00,306,Headphone Adapter for Contoso Phone E130 Silver,120,9.99,1198.8
200807065CS588,7/6/2008 0:00,306,Headphone Adapter for Contoso Phone E130 Silver,240,9.99,2397.6
200807235CS608,7/23/2008 0:00,306,Headphone Adapter for Contoso Phone E130 Silver,120,9.99,1198.8
200810195CS646,10/19/2008 0:00,307,Headphone Adapter for Contoso Phone E130 Silver,120,9.99,1198.8
200810275CS646,10/27/2008 0:00,307,Headphone Adapter for Contoso Phone E130 Silver,240,9.99,2397.6
200810305CS648,10/30/2008 0:00,307,Headphone Adapter for Contoso Phone E130 Silver,120,9.99,1198.8
200810305CS646,10/30/2008 0:00,307,Headphone Adapter for Contoso Phone E130 Silver,120,9.99,1198.8
200904025CS837,4/2/2009 0:00,199,Headphone Adapter for Contoso Phone E130 Silver,240,9.99,2397.6
200905095CS849,5/9/2009 0:00,199,Headphone Adapter for Contoso Phone E130 Silver,240,9.99,2397.6
200906045CS860,6/4/2009 0:00,199,Headphone Adapter for Contoso Phone E130 Silver,480,9.99,4795.2
200906305CS757,6/30/2009 0:00,306,Headphone Adapter for Contoso Phone E130 Silver,1440,9.99,14385.6
200907045CS718,7/4/2009 0:00,307,Headphone Adapter for Contoso Phone E130 Silver,288,9.99,2877.12
200907285CS720,7/28/2009 0:00,307,Headphone Adapter for Contoso Phone E130 Silver,288,9.99,2877.12
200909135CS725,9/13/2009 0:00,307,Headphone Adapter for Contoso Phone E130 Silver,480,9.99,4795.2
200909175CS725,9/17/2009 0:00,307,Headphone Adapter for Contoso Phone E130 Silver,480,9.99,4795.2
200909205CS725,9/20/2009 0:00,307,Headphone Adapter for Contoso Phone E130 Silver,240,9.99,2397.6
200910145CS727,10/14/2009 0:00,307,Headphone Adapter for Contoso Phone E130 Silver,240,9.99,2397.6
200910185CS728,10/18/2009 0:00,307,Headphone Adapter for Contoso Phone E130 Silver,240,9.99,2397.6
200910205CS728,10/20/2009 0:00,307,Headphone Adapter for Contoso Phone E130 Silver,720,9.99,7192.8
200910265CS728,10/26/2009 0:00,307,Headphone Adapter for Contoso Phone E130 Silver,240,9.99,2397.6
200910285CS729,10/28/2009 0:00,307,Headphone Adapter for Contoso Phone E130 Silver,240,9.99,2397.6
200805195CS576,5/19/2008 0:00,306,Headphone Adapter for Contoso Phone E130 White,120,9.99,1198.8
200807195CS588,7/19/2008 0:00,306,Headphone Adapter for Contoso Phone E130 White,120,9.99,1198.8
200808045CS628,8/4/2008 0:00,307,Headphone Adapter for Contoso Phone E130 White,120,9.99,1198.8
200907165CS719,7/16/2009 0:00,307,Headphone Adapter for Contoso Phone E130 White,288,9.99,2877.12
200907185CS719,7/18/2009 0:00,307,Headphone Adapter for Contoso Phone E130 White,1152,9.99,11508.48
200907265CS720,7/26/2009 0:00,307,Headphone Adapter for Contoso Phone E130 White,576,9.99,5754.24
200910065CS727,10/6/2009 0:00,307,Headphone Adapter for Contoso Phone E130 White,480,9.99,4795.2
200805085CS606,5/8/2008 0:00,199,Headphone Adapter for Contoso Phone E130 White,120,9.99,1198.8
200806095CS617,6/9/2008 0:00,199,Headphone Adapter for Contoso Phone E130 White,120,9.99,1198.8
200806145CS618,6/14/2008 0:00,199,Headphone Adapter for Contoso Phone E130 White,120,9.99,1198.8
200810015CS707,10/1/2008 0:00,199,Headphone Adapter for Contoso Phone E130 White,16,9.99,159.84
200810265CS786,10/26/2008 0:00,199,Headphone Adapter for Contoso Phone E130 White,120,9.99,1198.8
200905065CS849,5/6/2009 0:00,199,Headphone Adapter for Contoso Phone E130 White,480,9.99,4795.2
200906045CS860,6/4/2009 0:00,199,Headphone Adapter for Contoso Phone E130 White,720,9.99,7192.8
200910185CS919,10/18/2009 0:00,199,Headphone Adapter for Contoso Phone E130 White,48,9.99,479.52
200910185CS920,10/18/2009 0:00,199,Headphone Adapter for Contoso Phone E130 White,428,9.99,4275.72
200805105CS607,5/10/2008 0:00,199,Headphone Adapter for Contoso Phone E130 White,240,9.99,2397.6
200810225CS646,10/22/2008 0:00,307,Headphone Adapter for Contoso Phone E130 White,240,9.99,2397.6
200906195CS867,6/19/2009 0:00,199,Headphone Adapter for Contoso Phone E130 White,240,9.99,2397.6
200906285CS870,6/28/2009 0:00,199,Headphone Adapter for Contoso Phone E130 White,240,9.99,2397.6
200909165CS725,9/16/2009 0:00,307,Headphone Adapter for Contoso Phone E130 White,240,9.99,2397.6
200910135CS918,10/13/2009 0:00,199,Headphone Adapter for Contoso Phone E130 White,240,9.99,2397.6
200910145CS727,10/14/2009 0:00,307,Headphone Adapter for Contoso Phone E130 White,240,9.99,2397.6
200801173CS559,1/17/2008 0:00,199,Adventure Works Laptop15.4W M1548 Red,15,758,10801.5
200802113CS549,2/11/2008 0:00,307,Adventure Works Laptop15.4W M1548 Red,11,758,6670.4
200802123CS549,2/12/2008 0:00,307,Adventure Works Laptop15.4W M1548 Red,15,758,9096
200803073CS579,3/7/2008 0:00,199,Adventure Works Laptop15.4W M1548 Red,2,758,1440.2
200809253CS695,9/25/2008 0:00,199,Adventure Works Laptop15.4W M1548 Red,23,758,15690.6
200811263CS798,11/26/2008 0:00,199,Adventure Works Laptop15.4W M1548 Red,17,758,10308.8
200901103CS680,1/10/2009 0:00,307,Adventure Works Laptop15.4W M1548 Red,12,758,7731.6
200902263CS706,2/26/2009 0:00,307,Adventure Works Laptop15.4W M1548 Red,12,758,7276.8
200902273CS740,2/27/2009 0:00,306,Adventure Works Laptop15.4W M1548 Red,12,758,8459.28
200903093CS708,3/9/2009 0:00,307,Adventure Works Laptop15.4W M1548 Red,17,758,10308.8
200903163CS708,3/16/2009 0:00,307,Adventure Works Laptop15.4W M1548 Red,11,758,6670.4
200903243CS709,3/24/2009 0:00,307,Adventure Works Laptop15.4W M1548 Red,15,758,9096
200904103CS710,4/10/2009 0:00,307,Adventure Works Laptop15.4W M1548 Red,11,758,6670.4
200906113CS716,6/11/2009 0:00,307,Adventure Works Laptop15.4W M1548 Red,22,758,15008.4
200908013CS886,8/1/2009 0:00,199,Adventure Works Laptop15.4W M1548 Red,15,758,10233
200911103CS767,11/10/2009 0:00,306,Adventure Works Laptop15.4W M1548 Red,32,758,19404.8
200912253CS950,12/25/2009 0:00,199,Adventure Works Laptop15.4W M1548 Red,15,758,9096
200806283CS599,6/28/2008 0:00,307,Adventure Works Laptop15.4W M1548 Red,14,758,9550.8
200812233CS669,12/23/2008 0:00,307,Adventure Works Laptop15.4W M1548 Red,14,758,9020.2
200804233CS567,4/23/2008 0:00,306,Adventure Works Laptop15.4W M1548 Red,16,758,11279.04
200807233CS645,7/23/2008 0:00,199,Adventure Works Laptop15.4W M1548 Red,16,758,10915.2
200811163CS655,11/16/2008 0:00,307,Adventure Works Laptop15.4W M1548 Red,16,758,10308.8
200902183CS737,2/18/2009 0:00,306,Adventure Works Laptop15.4W M1548 Red,16,758,11279.04
200903093CS740,3/9/2009 0:00,306,Adventure Works Laptop15.4W M1548 Red,16,758,11279.04
200907223CS880,7/22/2009 0:00,199,Adventure Works Laptop15.4W M1548 Red,16,758,10915.2
200909223CS908,9/22/2009 0:00,199,Adventure Works Laptop15.4W M1548 Red,16,758,10915.2
200903213CS708,3/21/2009 0:00,307,Adventure Works Laptop15.4W M1548 Red,10,758,6064
200910043CS765,10/4/2009 0:00,306,Adventure Works Laptop15.4W M1548 Red,10,758,6064
200803073CS580,3/7/2008 0:00,199,Adventure Works Laptop15.4W M1548 Red,7,758,5040.7
200901143CS680,1/14/2009 0:00,307,Adventure Works Laptop15.4W M1548 Red,7,758,4510.1
200902043CS737,2/4/2009 0:00,306,Adventure Works Laptop15.4W M1548 Red,7,758,4934.58
200909023CS900,9/2/2009 0:00,199,Adventure Works Laptop15.4W M1548 Red,7,758,4775.4
200912293CS735,12/29/2009 0:00,307,Adventure Works Laptop15.4W M1548 Red,7,758,4510.1
200811053CS648,11/5/2008 0:00,307,Adventure Works Laptop15.4W M1548 Red,9,758,5798.7
200811273CS655,11/27/2008 0:00,307,Adventure Works Laptop15.4W M1548 Red,9,758,5798.7
200901133CS680,1/13/2009 0:00,307,Adventure Works Laptop15.4W M1548 Red,9,758,5798.7
200901173CS680,1/17/2009 0:00,307,Adventure Works Laptop15.4W M1548 Red,9,758,5798.7
200911113CS929,11/11/2009 0:00,199,Adventure Works Laptop15.4W M1548 Red,9,758,5457.6
200911133CS930,11/13/2009 0:00,199,Adventure Works Laptop15.4W M1548 Red,9,758,5457.6
200808174CS670,8/17/2008 0:00,199,Fabrikam Trendsetter 1/3'' 8.5mm X200 Grey,24,998,21556.8
200812164CS805,12/16/2008 0:00,199,Fabrikam Trendsetter 2/3'' 17mm X100 Grey,32,980,25088
200902034CS737,2/3/2009 0:00,306,Fabrikam Trendsetter 1/3'' 8.5mm X200 Grey,24,998,22275.36
200809054CS688,9/5/2008 0:00,199,Fabrikam Trendsetter 1/3'' 8.5mm X200 Grey,20,998,17964
200809114CS690,9/11/2008 0:00,199,Fabrikam Trendsetter 1/3'' 8.5mm X200 Grey,20,998,17964
200809254CS695,9/25/2008 0:00,199,Fabrikam Trendsetter 2/3'' 17mm X100 Grey,21,980,18522
200808164CS668,8/16/2008 0:00,199,Fabrikam Trendsetter 2/3'' 17mm X100 Grey,18,980,15876
200811154CS655,11/15/2008 0:00,307,Fabrikam Trendsetter 2/3'' 17mm X100 Grey,17,980,14161
200901164CS680,1/16/2009 0:00,307,Fabrikam Trendsetter 1/3'' 8.5mm X200 Grey,17,998,14421.1
200907214CS880,7/21/2009 0:00,199,Fabrikam Trendsetter 2/3'' 17mm X100 Grey,13,980,11466
200907304CS885,7/30/2009 0:00,199,Fabrikam Trendsetter 1/3'' 8.5mm X200 Grey,13,998,11676.6
200803064CS555,3/6/2008 0:00,306,Fabrikam Trendsetter 2/3'' 17mm X100 Grey,12,980,10936.8
200903314CS709,3/31/2009 0:00,307,Fabrikam Trendsetter 2/3'' 17mm X100 Grey,12,980,9408
200906184CS716,6/18/2009 0:00,307,Fabrikam Trendsetter 1/3'' 8.5mm X200 Grey,12,998,10778.4
200909194CS907,9/19/2009 0:00,199,Fabrikam Trendsetter 2/3'' 17mm X100 Grey,12,980,10584
200912034CS938,12/3/2009 0:00,199,Fabrikam Trendsetter 2/3'' 17mm X100 Grey,12,980,9408
200802114CS549,2/11/2008 0:00,307,Fabrikam Trendsetter 2/3'' 17mm X100 Grey,11,980,8624
200804304CS558,4/30/2008 0:00,307,Fabrikam Trendsetter 2/3'' 17mm X100 Grey,11,980,8624
200903304CS709,3/30/2009 0:00,307,Fabrikam Trendsetter 1/3'' 8.5mm X200 Grey,11,998,8782.4
200803124CS555,3/12/2008 0:00,306,Fabrikam Trendsetter 1/3'' 8.5mm X200 Grey,15,998,13922.1
200812224CS669,12/22/2008 0:00,307,Fabrikam Trendsetter 2/3'' 17mm X100 Grey,15,980,12495
200903284CS709,3/28/2009 0:00,307,Fabrikam Trendsetter 1/3'' 8.5mm X200 Grey,15,998,11976
200802044CS549,2/4/2008 0:00,307,Fabrikam Trendsetter 2/3'' 17mm X100 Grey,16,980,12544
200807234CS645,7/23/2008 0:00,199,Fabrikam Trendsetter 2/3'' 17mm X100 Grey,16,980,14112
200809064CS688,9/6/2008 0:00,199,Fabrikam Trendsetter 2/3'' 17mm X100 Grey,16,980,14112
200811094CS648,11/9/2008 0:00,307,Fabrikam Trendsetter 2/3'' 17mm X100 Grey,16,980,13328
200901064CS679,1/6/2009 0:00,307,Fabrikam Trendsetter 2/3'' 17mm X100 Grey,16,980,13328
200903284CS835,3/28/2009 0:00,199,Fabrikam Trendsetter 1/3'' 8.5mm X200 Grey,16,998,15169.6
200804244CS558,4/24/2008 0:00,307,Fabrikam Trendsetter 2/3'' 17mm X100 Grey,10,980,7840
200901034CS810,1/3/2009 0:00,199,Fabrikam Trendsetter 2/3'' 17mm X100 Grey,10,980,9310
200903304CS709,3/30/2009 0:00,307,Fabrikam Trendsetter 2/3'' 17mm X100 Grey,10,980,7840
200801214CS529,1/21/2008 0:00,306,Fabrikam Trendsetter 2/3'' 17mm X100 Grey,10,980,7840
200809164CS636,9/16/2008 0:00,306,Fabrikam Trendsetter 2/3'' 17mm X100 Grey,10,980,8820
200809224CS636,9/22/2008 0:00,306,Fabrikam Trendsetter 1/3'' 8.5mm X200 Grey,10,998,8982
200812174CS676,12/17/2008 0:00,306,Fabrikam Trendsetter 2/3'' 17mm X100 Grey,10,980,7840
200805294CS568,5/29/2008 0:00,307,Fabrikam Trendsetter 1/3'' 8.5mm X200 Grey,14,998,12574.8
200811214CS796,11/21/2008 0:00,199,Fabrikam Trendsetter 2/3'' 17mm X100 Grey,14,980,10976
200811294CS656,11/29/2008 0:00,307,Fabrikam Trendsetter 2/3'' 17mm X100 Grey,14,980,11662
200906114CS716,6/11/2009 0:00,307,Fabrikam Trendsetter 2/3'' 17mm X100 Grey,14,980,12348
200906304CS717,6/30/2009 0:00,307,Fabrikam Trendsetter 2/3'' 17mm X100 Grey,14,980,12348
200907214CS879,7/21/2009 0:00,199,Fabrikam Trendsetter 2/3'' 17mm X100 Grey,14,980,12348
200912014CS938,12/1/2009 0:00,199,Fabrikam Trendsetter 1/3'' 8.5mm X200 Grey,14,998,11177.6
200912274CS950,12/27/2009 0:00,199,Fabrikam Trendsetter 1/3'' 8.5mm X200 Grey,14,998,11177.6
200902204CS740,2/20/2009 0:00,306,Fabrikam Trendsetter 2/3'' 17mm X100 Grey,7,980,6379.8
200901084CS679,1/8/2009 0:00,307,Fabrikam Trendsetter 2/3'' 17mm X100 Grey,7,980,5831
200811024CS788,11/2/2008 0:00,199,Fabrikam Trendsetter 1/3'' 8.5mm X200 Grey,7,998,5588.8
200907114CS875,7/11/2009 0:00,199,Fabrikam Trendsetter 2/3'' 17mm X100 Grey,7,980,6174
200811034CS788,11/3/2008 0:00,199,Fabrikam Trendsetter 1/3'' 8.5mm X200 Grey,9,998,7185.6
200812214CS807,12/21/2008 0:00,199,Fabrikam Trendsetter 1/3'' 8.5mm X200 Grey,9,998,7185.6
200911044CS926,11/4/2009 0:00,199,Fabrikam Trendsetter 2/3'' 17mm X100 Grey,9,980,7056
200911284CS937,11/28/2009 0:00,199,Fabrikam Trendsetter 1/3'' 8.5mm X200 Grey,9,998,7185.6
200912154CS945,12/15/2009 0:00,199,Fabrikam Trendsetter 2/3'' 17mm X100 Grey,9,980,7056
200912264CS950,12/26/2009 0:00,199,Fabrikam Trendsetter 2/3'' 17mm X100 Grey,9,980,7056
200811104CS648,11/10/2008 0:00,307,Fabrikam Trendsetter 2/3'' 17mm X100 Grey,9,980,7497
200811284CS655,11/28/2008 0:00,307,Fabrikam Trendsetter 1/3'' 8.5mm X200 Grey,9,998,7634.7
200812084CS656,12/8/2008 0:00,307,Fabrikam Trendsetter 1/3'' 8.5mm X200 Grey,9,998,7634.7
200912284CS735,12/28/2009 0:00,307,Fabrikam Trendsetter 2/3'' 17mm X100 Grey,9,980,7497
200804254CS567,4/25/2008 0:00,306,Fabrikam Trendsetter 1/3'' 8.5mm X200 White,23,998,21347.22
200808234CS677,8/23/2008 0:00,199,Fabrikam Trendsetter 1/3'' 8.5mm X200 White,13,998,11676.6
200809304CS636,9/30/2008 0:00,306,Fabrikam Trendsetter 1/3'' 8.5mm X200 White,21,998,18862.2
200811224CS796,11/22/2008 0:00,199,Fabrikam Trendsetter 1/3'' 8.5mm X200 White,18,998,14371.2
200901114CS680,1/11/2009 0:00,307,Fabrikam Trendsetter 1/3'' 8.5mm X200 White,13,998,11027.9
200902134CS737,2/13/2009 0:00,306,Fabrikam Trendsetter 1/3'' 8.5mm X200 White,22,998,20419.08
200911104CS929,11/10/2009 0:00,199,Fabrikam Trendsetter 1/3'' 8.5mm X200 White,20,998,15968
200912064CS940,12/6/2009 0:00,199,Fabrikam Trendsetter 1/3'' 8.5mm X200 White,22,998,17564.8
200801314CS529,1/31/2008 0:00,306,Fabrikam Trendsetter 1/3'' 8.5mm X200 White,12,998,9580.8
200803114CS555,3/11/2008 0:00,306,Fabrikam Trendsetter 1/3'' 8.5mm X200 White,12,998,11137.68
200806074CS596,6/7/2008 0:00,307,Fabrikam Trendsetter 1/3'' 8.5mm X200 White,12,998,10778.4
200901264CS817,1/26/2009 0:00,199,Fabrikam Trendsetter 1/3'' 8.5mm X200 White,12,998,11377.2
200903304CS709,3/30/2009 0:00,307,Fabrikam Trendsetter 1/3'' 8.5mm X200 White,12,998,9580.8
200906264CS717,6/26/2009 0:00,307,Fabrikam Trendsetter 1/3'' 8.5mm X200 White,12,998,10778.4
200901174CS736,1/17/2009 0:00,306,Fabrikam Trendsetter 1/3'' 8.5mm X200 White,15,998,11976
200802054CS570,2/5/2008 0:00,199,Fabrikam Trendsetter 1/3'' 8.5mm X200 White,11,998,10429.1
200809134CS636,9/13/2008 0:00,306,Fabrikam Trendsetter 1/3'' 8.5mm X200 White,11,998,9880.2
200902264CS706,2/26/2009 0:00,307,Fabrikam Trendsetter 1/3'' 8.5mm X200 White,10,998,7984
200904154CS710,4/15/2009 0:00,307,Fabrikam Trendsetter 1/3'' 8.5mm X200 White,10,998,7984
200804274CS567,4/27/2008 0:00,306,Fabrikam Trendsetter 1/3'' 8.5mm X200 White,14,998,12993.96
200901304CS697,1/30/2009 0:00,307,Fabrikam Trendsetter 1/3'' 8.5mm X200 White,14,998,11876.2
200812154CS676,12/15/2008 0:00,306,Fabrikam Trendsetter 1/3'' 8.5mm X200 White,9,998,7185.6
200812184CS669,12/18/2008 0:00,307,Fabrikam Trendsetter 1/3'' 8.5mm X200 White,9,998,7634.7
200911014CS729,11/1/2009 0:00,307,Fabrikam Trendsetter 1/3'' 8.5mm X200 White,9,998,7634.7
200812254CS669,12/25/2008 0:00,307,Fabrikam Trendsetter 1/3'' 8.5mm X200 White,7,998,5938.1
200911094CS730,11/9/2009 0:00,307,Fabrikam Trendsetter 1/3'' 8.5mm X200 White,7,998,5938.1
200901014CS676,1/1/2009 0:00,306,Fabrikam Trendsetter 1/3'' 8.5mm X200 Black,9,999,7192.8
200910214CS765,10/21/2009 0:00,306,Fabrikam Trendsetter 2/3'' 17mm X100 Black,9,980,7056
200912153CS780,12/15/2009 0:00,306,Adventure Works Laptop15.4W M1548 Black,9,758,5457.6
200811094CS790,11/9/2008 0:00,199,Fabrikam Trendsetter 2/3'' 17mm X100 Black,9,980,7056
200811244CS797,11/24/2008 0:00,199,Fabrikam Trendsetter 2/3'' 17mm X100 Black,9,980,7056
200911143CS930,11/14/2009 0:00,199,Adventure Works Laptop15.4W M1548 Black,9,758,5457.6
200911283CS936,11/28/2009 0:00,199,Adventure Works Laptop15.4W M1548 Black,9,758,5457.6
200912143CS945,12/14/2009 0:00,199,Adventure Works Laptop15.4W M1548 Black,9,758,5457.6
200912173CS947,12/17/2009 0:00,199,Adventure Works Laptop15.4W M1548 Black,9,758,5457.6
200811303CS656,11/30/2008 0:00,307,Adventure Works Laptop15.4W M1548 Black,9,758,5798.7
200812014CS656,12/1/2008 0:00,307,Fabrikam Trendsetter 2/3'' 17mm X100 Black,9,980,7497
200812064CS656,12/6/2008 0:00,307,Fabrikam Trendsetter 2/3'' 17mm X100 Black,9,980,7497
200812233CS669,12/23/2008 0:00,307,Adventure Works Laptop15.4W M1548 Black,9,758,5798.7
200812314CS679,12/31/2008 0:00,307,Fabrikam Trendsetter 1/3'' 8.5mm X200 Black,9,999,7642.35
200901294CS697,1/29/2009 0:00,307,Fabrikam Trendsetter 2/3'' 17mm X100 Black,9,980,7497
200911103CS730,11/10/2009 0:00,307,Adventure Works Laptop15.4W M1548 Black,9,758,5798.7
200911153CS730,11/15/2009 0:00,307,Adventure Works Laptop15.4W M1548 Black,9,758,5798.7
200911164CS730,11/16/2009 0:00,307,Fabrikam Trendsetter 1/3'' 8.5mm X200 Black,9,999,7642.35
200912284CS735,12/28/2009 0:00,307,Fabrikam Trendsetter 1/3'' 8.5mm X200 Black,9,999,7642.35
200908093CS889,8/9/2009 0:00,199,Adventure Works Laptop15.4W M1548 Black,14,758,9550.8
200902024CS737,2/2/2009 0:00,306,Fabrikam Trendsetter 2/3'' 17mm X100 Black,14,980,12759.6
200902064CS737,2/6/2009 0:00,306,Fabrikam Trendsetter 2/3'' 17mm X100 Black,14,980,12759.6
200907114CS875,7/11/2009 0:00,199,Fabrikam Trendsetter 2/3'' 17mm X100 Black,14,980,12348
200807224CS645,7/22/2008 0:00,199,Fabrikam Trendsetter 2/3'' 17mm X100 Black,16,980,14112
200811084CS648,11/8/2008 0:00,307,Fabrikam Trendsetter 1/3'' 8.5mm X200 Black,16,999,13586.4
200812234CS669,12/23/2008 0:00,307,Fabrikam Trendsetter 2/3'' 17mm X100 Black,16,980,13328
200908244CS896,8/24/2009 0:00,199,Fabrikam Trendsetter 1/3'' 8.5mm X200 Black,16,999,14385.6
200908244CS896,8/24/2009 0:00,199,Fabrikam Trendsetter 2/3'' 17mm X100 Black,16,980,14112
200908274CS897,8/27/2009 0:00,199,Fabrikam Trendsetter 2/3'' 17mm X100 Black,16,980,14112
200911054CS729,11/5/2009 0:00,307,Fabrikam Trendsetter 2/3'' 17mm X100 Black,16,980,13328
200911054CS729,11/5/2009 0:00,307,Fabrikam Trendsetter 1/3'' 8.5mm X200 Black,16,999,13586.4
200806223CS596,6/22/2008 0:00,307,Adventure Works Laptop15.4W M1548 Black,16,758,10915.2
200812223CS807,12/22/2008 0:00,199,Adventure Works Laptop15.4W M1548 Black,16,758,9702.4
200902233CS706,2/23/2009 0:00,307,Adventure Works Laptop15.4W M1548 Black,16,758,9702.4
200906113CS716,6/11/2009 0:00,307,Adventure Works Laptop15.4W M1548 Black,16,758,10915.2
200802044CS570,2/4/2008 0:00,199,Fabrikam Trendsetter 1/3'' 8.5mm X200 Black,11,999,10439.55
200802064CS570,2/6/2008 0:00,199,Fabrikam Trendsetter 1/3'' 8.5mm X200 Black,11,999,10439.55
200802094CS549,2/9/2008 0:00,307,Fabrikam Trendsetter 1/3'' 8.5mm X200 Black,11,999,8791.2
200802164CS549,2/16/2008 0:00,307,Fabrikam Trendsetter 2/3'' 17mm X100 Black,11,980,8624
200803113CS580,3/11/2008 0:00,199,Adventure Works Laptop15.4W M1548 Black,11,758,7921.1
200809214CS636,9/21/2008 0:00,306,Fabrikam Trendsetter 1/3'' 8.5mm X200 Black,11,999,9890.1
200902063CS820,2/6/2009 0:00,199,Adventure Works Laptop15.4W M1548 Black,11,758,7921.1
200902073CS820,2/7/2009 0:00,199,Adventure Works Laptop15.4W M1548 Black,11,758,7921.1
200903034CS706,3/3/2009 0:00,307,Fabrikam Trendsetter 1/3'' 8.5mm X200 Black,11,999,8791.2
200910304CS767,10/30/2009 0:00,306,Fabrikam Trendsetter 2/3'' 17mm X100 Black,11,980,8624
200810033CS636,10/3/2008 0:00,306,Adventure Works Laptop15.4W M1548 Black,15,758,9096
200911074CS927,11/7/2009 0:00,199,Fabrikam Trendsetter 1/3'' 8.5mm X200 Black,15,999,11988
200912014CS938,12/1/2009 0:00,199,Fabrikam Trendsetter 2/3'' 17mm X100 Black,15,980,11760
200912164CS946,12/16/2009 0:00,199,Fabrikam Trendsetter 1/3'' 8.5mm X200 Black,15,999,11988
200806064CS596,6/6/2008 0:00,307,Fabrikam Trendsetter 1/3'' 8.5mm X200 Black,15,999,13486.5
200812063CS656,12/6/2008 0:00,307,Adventure Works Laptop15.4W M1548 Black,15,758,9664.5
200904164CS710,4/16/2009 0:00,307,Fabrikam Trendsetter 2/3'' 17mm X100 Black,15,980,11760
200906014CS715,6/1/2009 0:00,307,Fabrikam Trendsetter 1/3'' 8.5mm X200 Black,15,999,13486.5
200801024CS525,1/2/2008 0:00,306,Fabrikam Trendsetter 1/3'' 8.5mm X200 Black,12,999,9590.4
200803214CS555,3/21/2008 0:00,306,Fabrikam Trendsetter 2/3'' 17mm X100 Black,12,980,10936.8
200911073CS767,11/7/2009 0:00,306,Adventure Works Laptop15.4W M1548 Black,12,758,7276.8
200912193CS780,12/19/2009 0:00,306,Adventure Works Laptop15.4W M1548 Black,12,758,7276.8
200907193CS878,7/19/2009 0:00,199,Adventure Works Laptop15.4W M1548 Black,12,758,8186.4
200812124CS676,12/12/2008 0:00,306,Fabrikam Trendsetter 1/3'' 8.5mm X200 Black,13,999,10389.6
200902024CS737,2/2/2009 0:00,306,Fabrikam Trendsetter 1/3'' 8.5mm X200 Black,13,999,12077.91
200906274CS717,6/27/2009 0:00,307,Fabrikam Trendsetter 2/3'' 17mm X100 Black,13,980,11466
200802083CS570,2/8/2008 0:00,199,Adventure Works Laptop15.4W M1548 Black,17,758,12241.7
200902263CS826,2/26/2009 0:00,199,Adventure Works Laptop15.4W M1548 Black,17,758,12241.7
200911264CS936,11/26/2009 0:00,199,Fabrikam Trendsetter 1/3'' 8.5mm X200 Black,17,999,13586.4
200912144CS945,12/14/2009 0:00,199,Fabrikam Trendsetter 1/3'' 8.5mm X200 Black,17,999,13586.4
200803034CS555,3/3/2008 0:00,306,Fabrikam Trendsetter 2/3'' 17mm X100 Black,22,980,20050.8
200912024CS938,12/2/2009 0:00,199,Fabrikam Trendsetter 2/3'' 17mm X100 Black,22,980,17248
200812054CS800,12/5/2008 0:00,199,Fabrikam Trendsetter 2/3'' 17mm X100 Black,18,980,14112
200901033CS676,1/3/2009 0:00,306,Adventure Works Laptop15.4W M1548 Black,20,758,12128
200811293CS656,11/29/2008 0:00,307,Adventure Works Laptop15.4W M1548 Black,21,758,13530.3
200902083CS737,2/8/2009 0:00,306,Adventure Works Laptop15.4W M1548 Black,24,758,16918.56
200911254CS935,11/25/2009 0:00,199,Fabrikam Trendsetter 2/3'' 17mm X100 Black,24,980,18816
200807224CS645,7/22/2008 0:00,199,Fabrikam Trendsetter 1/3'' 8.5mm X200 Black,28,999,25174.8
200809274CS695,9/27/2008 0:00,199,Fabrikam Trendsetter 1/3'' 8.5mm X200 Black,26,999,23376.6
200811054CS648,11/5/2008 0:00,307,Fabrikam Trendsetter 1/3'' 8.5mm X200 Black,25,999,21228.75
200812294CS809,12/29/2008 0:00,199,Fabrikam Trendsetter 2/3'' 17mm X100 Black,25,980,19600
200812213CS669,12/21/2008 0:00,307,Adventure Works Laptop15.4W M1548 Black,30,758,19329
200804213CS567,4/21/2008 0:00,306,Adventure Works Laptop15.4W M1548 Black,7,758,4934.58
200902213CS740,2/21/2009 0:00,306,Adventure Works Laptop15.4W M1548 Black,7,758,4934.58
200808194CS670,8/19/2008 0:00,199,Fabrikam Trendsetter 1/3'' 8.5mm X200 Black,7,999,6293.7
200806054CS568,6/5/2008 0:00,307,Fabrikam Trendsetter 1/3'' 8.5mm X200 Black,7,999,6293.7
200806094CS596,6/9/2008 0:00,307,Fabrikam Trendsetter 2/3'' 17mm X100 Black,7,980,6174
200806094CS596,6/9/2008 0:00,307,Fabrikam Trendsetter 1/3'' 8.5mm X200 Black,7,999,6293.7
200806184CS596,6/18/2008 0:00,307,Fabrikam Trendsetter 1/3'' 8.5mm X200 Black,7,999,6293.7
200901043CS679,1/4/2009 0:00,307,Adventure Works Laptop15.4W M1548 Black,7,758,4510.1
200906224CS717,6/22/2009 0:00,307,Fabrikam Trendsetter 1/3'' 8.5mm X200 Black,7,999,6293.7
200906263CS717,6/26/2009 0:00,307,Adventure Works Laptop15.4W M1548 Black,7,758,4775.4
200801174CS559,1/17/2008 0:00,199,Fabrikam Trendsetter 1/3'' 8.5mm X200 Black,10,999,9490.5
200802093CS549,2/9/2008 0:00,307,Adventure Works Laptop15.4W M1548 Black,10,758,6064
200802124CS549,2/12/2008 0:00,307,Fabrikam Trendsetter 1/3'' 8.5mm X200 Black,10,999,7992
200802124CS549,2/12/2008 0:00,307,Fabrikam Trendsetter 2/3'' 17mm X100 Black,10,980,7840
200802264CS549,2/26/2008 0:00,307,Fabrikam Trendsetter 1/3'' 8.5mm X200 Black,10,999,7992
200803094CS580,3/9/2008 0:00,199,Fabrikam Trendsetter 1/3'' 8.5mm X200 Black,10,999,9490.5
200902184CS699,2/18/2009 0:00,307,Fabrikam Trendsetter 1/3'' 8.5mm X200 Black,10,999,7992
200902273CS826,2/27/2009 0:00,199,Adventure Works Laptop15.4W M1548 Black,10,758,7201
200903133CS708,3/13/2009 0:00,307,Adventure Works Laptop15.4W M1548 Black,10,758,6064
200903193CS708,3/19/2009 0:00,307,Adventure Works Laptop15.4W M1548 Black,10,758,6064
200903314CS836,3/31/2009 0:00,199,Fabrikam Trendsetter 1/3'' 8.5mm X200 Black,10,999,9490.5
200801124CS525,1/12/2008 0:00,306,Fabrikam Trendsetter 2/3'' 17mm X100 Black,10,980,7840
200810063CS636,10/6/2008 0:00,306,Adventure Works Laptop15.4W M1548 Black,10,758,6064
200812254CS676,12/25/2008 0:00,306,Fabrikam Trendsetter 1/3'' 8.5mm X200 Black,10,999,7992
200910164CS765,10/16/2009 0:00,306,Fabrikam Trendsetter 1/3'' 8.5mm X200 Black,10,999,7992
200910034CS765,10/3/2009 0:00,306,Fabrikam Trendsetter 1/3'' 8.5mm X200 Grey,4,998,3193.6
200910114CS765,10/11/2009 0:00,306,Fabrikam Trendsetter 1/3'' 8.5mm X200 Grey,4,998,3193.6
200910134CS765,10/13/2009 0:00,306,Fabrikam Trendsetter 1/3'' 8.5mm X200 White,4,998,3193.6
200910073CS765,10/7/2009 0:00,306,Adventure Works Laptop15.4W M1548 Black,4,758,2425.6
200910203CS765,10/20/2009 0:00,306,Adventure Works Laptop15.4W M1548 Black,4,758,2425.6
200910224CS765,10/22/2009 0:00,306,Fabrikam Trendsetter 2/3'' 17mm X100 Black,4,980,3136
200910233CS765,10/23/2009 0:00,306,Adventure Works Laptop15.4W M1548 Black,4,758,2425.6
200810014CS636,10/1/2008 0:00,306,Fabrikam Trendsetter 1/3'' 8.5mm X200 Black,4,999,3196.8
200810014CS636,10/1/2008 0:00,306,Fabrikam Trendsetter 1/3'' 8.5mm X200 Grey,4,998,3193.6
200901243CS736,1/24/2009 0:00,306,Adventure Works Laptop15.4W M1548 Red,4,758,2425.6
200901154CS736,1/15/2009 0:00,306,Fabrikam Trendsetter 1/3'' 8.5mm X200 Grey,4,998,3193.6
200901194CS736,1/19/2009 0:00,306,Fabrikam Trendsetter 2/3'' 17mm X100 Grey,4,980,3136
200901153CS736,1/15/2009 0:00,306,Adventure Works Laptop15.4W M1548 Black,4,758,2425.6
200901164CS736,1/16/2009 0:00,306,Fabrikam Trendsetter 2/3'' 17mm X100 Black,4,980,3136
200901244CS736,1/24/2009 0:00,306,Fabrikam Trendsetter 2/3'' 17mm X100 Black,4,980,3136
200901253CS736,1/25/2009 0:00,306,Adventure Works Laptop15.4W M1548 Black,4,758,2425.6
200912214CS780,12/21/2009 0:00,306,Fabrikam Trendsetter 1/3'' 8.5mm X200 White,4,998,3193.6
200912213CS780,12/21/2009 0:00,306,Adventure Works Laptop15.4W M1548 Black,4,758,2425.6
200911063CS767,11/6/2009 0:00,306,Adventure Works Laptop15.4W M1548 Red,4,758,2425.6
200911044CS767,11/4/2009 0:00,306,Fabrikam Trendsetter 1/3'' 8.5mm X200 White,4,998,3193.6
200911024CS767,11/2/2009 0:00,306,Fabrikam Trendsetter 1/3'' 8.5mm X200 Black,4,999,3196.8
200801163CS529,1/16/2008 0:00,306,Adventure Works Laptop15.4W M1548 Black,4,758,2425.6
200812233CS676,12/23/2008 0:00,306,Adventure Works Laptop15.4W M1548 Red,4,758,2425.6
200812074CS676,12/7/2008 0:00,306,Fabrikam Trendsetter 2/3'' 17mm X100 Grey,4,980,3136
200812164CS676,12/16/2008 0:00,306,Fabrikam Trendsetter 1/3'' 8.5mm X200 Grey,4,998,3193.6
200812264CS676,12/26/2008 0:00,306,Fabrikam Trendsetter 1/3'' 8.5mm X200 White,4,998,3193.6
200812144CS676,12/14/2008 0:00,306,Fabrikam Trendsetter 1/3'' 8.5mm X200 Black,4,999,3196.8
200812274CS676,12/27/2008 0:00,306,Fabrikam Trendsetter 1/3'' 8.5mm X200 Black,4,999,3196.8
200812273CS676,12/27/2008 0:00,306,Adventure Works Laptop15.4W M1548 Black,4,758,2425.6
200801044CS525,1/4/2008 0:00,306,Fabrikam Trendsetter 2/3'' 17mm X100 Black,4,980,3136
200801064CS525,1/6/2008 0:00,306,Fabrikam Trendsetter 1/3'' 8.5mm X200 Grey,4,998,3193.6
200801124CS525,1/12/2008 0:00,306,Fabrikam Trendsetter 2/3'' 17mm X100 Grey,4,980,3136
200802013CS529,2/1/2008 0:00,306,Adventure Works Laptop15.4W M1548 Red,8,758,5639.52
200802083CS529,2/8/2008 0:00,306,Adventure Works Laptop15.4W M1548 Red,8,758,5639.52
200803163CS555,3/16/2008 0:00,306,Adventure Works Laptop15.4W M1548 Red,8,758,5639.52
200803173CS555,3/17/2008 0:00,306,Adventure Works Laptop15.4W M1548 Red,8,758,5639.52
200805223CS568,5/22/2008 0:00,307,Adventure Works Laptop15.4W M1548 Red,8,758,5457.6
200806023CS568,6/2/2008 0:00,307,Adventure Works Laptop15.4W M1548 Red,8,758,5457.6
200807243CS645,7/24/2008 0:00,199,Adventure Works Laptop15.4W M1548 Red,8,758,5457.6
200811063CS648,11/6/2008 0:00,307,Adventure Works Laptop15.4W M1548 Red,8,758,5154.4
200812073CS676,12/7/2008 0:00,306,Adventure Works Laptop15.4W M1548 Red,8,758,4851.2
200906023CS715,6/2/2009 0:00,307,Adventure Works Laptop15.4W M1548 Red,8,758,5457.6
200906033CS715,6/3/2009 0:00,307,Adventure Works Laptop15.4W M1548 Red,8,758,5457.6
200909013CS899,9/1/2009 0:00,199,Adventure Works Laptop15.4W M1548 Red,8,758,5457.6
200909143CS905,9/14/2009 0:00,199,Adventure Works Laptop15.4W M1548 Red,8,758,5457.6
200910163CS765,10/16/2009 0:00,306,Adventure Works Laptop15.4W M1548 Red,8,758,4851.2
200912143CS780,12/14/2009 0:00,306,Adventure Works Laptop15.4W M1548 Red,8,758,4851.2
200912313CS780,12/31/2009 0:00,306,Adventure Works Laptop15.4W M1548 Red,8,758,4851.2
200808094CS660,8/9/2008 0:00,199,Fabrikam Trendsetter 1/3'' 8.5mm X200 White,8,998,7185.6
200812054CS800,12/5/2008 0:00,199,Fabrikam Trendsetter 1/3'' 8.5mm X200 White,8,998,6387.2
200801044CS525,1/4/2008 0:00,306,Fabrikam Trendsetter 1/3'' 8.5mm X200 White,8,998,6387.2
200801054CS525,1/5/2008 0:00,306,Fabrikam Trendsetter 1/3'' 8.5mm X200 White,8,998,6387.2
200901274CS736,1/27/2009 0:00,306,Fabrikam Trendsetter 1/3'' 8.5mm X200 White,8,998,6387.2
200806214CS596,6/21/2008 0:00,307,Fabrikam Trendsetter 1/3'' 8.5mm X200 White,8,998,7185.6
200812044CS656,12/4/2008 0:00,307,Fabrikam Trendsetter 1/3'' 8.5mm X200 White,8,998,6786.4
200906174CS716,6/17/2009 0:00,307,Fabrikam Trendsetter 1/3'' 8.5mm X200 White,8,998,7185.6
200806114CS596,6/11/2008 0:00,307,Fabrikam Trendsetter 1/3'' 8.5mm X200 Grey,8,998,7185.6
200807214CS645,7/21/2008 0:00,199,Fabrikam Trendsetter 2/3'' 17mm X100 Grey,8,980,7056
200808044CS658,8/4/2008 0:00,199,Fabrikam Trendsetter 2/3'' 17mm X100 Grey,8,980,7056
200809264CS695,9/26/2008 0:00,199,Fabrikam Trendsetter 1/3'' 8.5mm X200 Grey,8,998,7185.6
200812154CS676,12/15/2008 0:00,306,Fabrikam Trendsetter 2/3'' 17mm X100 Grey,8,980,6272
200812244CS669,12/24/2008 0:00,307,Fabrikam Trendsetter 1/3'' 8.5mm X200 Grey,8,998,6786.4
200903054CS740,3/5/2009 0:00,306,Fabrikam Trendsetter 2/3'' 17mm X100 Grey,8,980,7291.2
200906134CS716,6/13/2009 0:00,307,Fabrikam Trendsetter 2/3'' 17mm X100 Grey,8,980,7056
200906154CS716,6/15/2009 0:00,307,Fabrikam Trendsetter 1/3'' 8.5mm X200 Grey,8,998,7185.6
200908014CS886,8/1/2009 0:00,199,Fabrikam Trendsetter 1/3'' 8.5mm X200 Grey,8,998,7185.6
200909244CS909,9/24/2009 0:00,199,Fabrikam Trendsetter 2/3'' 17mm X100 Grey,8,980,7056
200809104CS690,9/10/2008 0:00,199,Fabrikam Trendsetter 1/3'' 8.5mm X200 Black,8,999,7192.8
200812274CS808,12/27/2008 0:00,199,Fabrikam Trendsetter 1/3'' 8.5mm X200 Black,8,999,6393.6
200911094CS928,11/9/2009 0:00,199,Fabrikam Trendsetter 2/3'' 17mm X100 Black,8,980,6272
200805224CS568,5/22/2008 0:00,307,Fabrikam Trendsetter 1/3'' 8.5mm X200 Black,8,999,7192.8
200805264CS568,5/26/2008 0:00,307,Fabrikam Trendsetter 1/3'' 8.5mm X200 Black,8,999,7192.8
200806054CS568,6/5/2008 0:00,307,Fabrikam Trendsetter 2/3'' 17mm X100 Black,8,980,7056
200806074CS596,6/7/2008 0:00,307,Fabrikam Trendsetter 1/3'' 8.5mm X200 Black,8,999,7192.8
200901074CS679,1/7/2009 0:00,307,Fabrikam Trendsetter 2/3'' 17mm X100 Black,8,980,6664
200906264CS717,6/26/2009 0:00,307,Fabrikam Trendsetter 2/3'' 17mm X100 Black,8,980,7056
200801024CS525,1/2/2008 0:00,306,Fabrikam Trendsetter 2/3'' 17mm X100 Black,8,980,6272
200803114CS555,3/11/2008 0:00,306,Fabrikam Trendsetter 2/3'' 17mm X100 Black,8,980,7291.2
200803204CS555,3/20/2008 0:00,306,Fabrikam Trendsetter 1/3'' 8.5mm X200 Black,8,999,7432.56
200804264CS567,4/26/2008 0:00,306,Fabrikam Trendsetter 2/3'' 17mm X100 Black,8,980,7291.2
200902084CS737,2/8/2009 0:00,306,Fabrikam Trendsetter 2/3'' 17mm X100 Black,8,980,7291.2
200902144CS737,2/14/2009 0:00,306,Fabrikam Trendsetter 2/3'' 17mm X100 Black,8,980,7291.2
200903064CS740,3/6/2009 0:00,306,Fabrikam Trendsetter 2/3'' 17mm X100 Black,8,980,7291.2
200912104CS780,12/10/2009 0:00,306,Fabrikam Trendsetter 2/3'' 17mm X100 Black,8,980,6272
200808093CS667,8/9/2008 0:00,199,Adventure Works Laptop15.4W M1548 Black,8,758,5457.6
200809043CS688,9/4/2008 0:00,199,Adventure Works Laptop15.4W M1548 Black,8,758,5457.6
200907133CS876,7/13/2009 0:00,199,Adventure Works Laptop15.4W M1548 Black,8,758,5457.6
200907143CS877,7/14/2009 0:00,199,Adventure Works Laptop15.4W M1548 Black,8,758,5457.6
200912153CS946,12/15/2009 0:00,199,Adventure Works Laptop15.4W M1548 Black,8,758,4851.2
200803053CS555,3/5/2008 0:00,306,Adventure Works Laptop15.4W M1548 Black,8,758,5639.52
200902203CS740,2/20/2009 0:00,306,Adventure Works Laptop15.4W M1548 Black,8,758,5639.52
200805303CS568,5/30/2008 0:00,307,Adventure Works Laptop15.4W M1548 Black,8,758,5457.6
200812133CS656,12/13/2008 0:00,307,Adventure Works Laptop15.4W M1548 Black,8,758,5154.4
200812153CS669,12/15/2008 0:00,307,Adventure Works Laptop15.4W M1548 Black,8,758,5154.4
200803123CS580,3/12/2008 0:00,199,Adventure Works Laptop15.4W M1548 Black,5,758,3600.5
200901013CS810,1/1/2009 0:00,199,Adventure Works Laptop15.4W M1548 Black,5,758,3600.5
200901273CS817,1/27/2009 0:00,199,Adventure Works Laptop15.4W M1548 Black,5,758,3600.5
200802143CS549,2/14/2008 0:00,307,Adventure Works Laptop15.4W M1548 Black,5,758,3032
200902273CS706,2/27/2009 0:00,307,Adventure Works Laptop15.4W M1548 Black,5,758,3032
200903123CS708,3/12/2009 0:00,307,Adventure Works Laptop15.4W M1548 Black,5,758,3032
200904093CS710,4/9/2009 0:00,307,Adventure Works Laptop15.4W M1548 Black,5,758,3032
200904103CS710,4/10/2009 0:00,307,Adventure Works Laptop15.4W M1548 Black,5,758,3032
200808083CS608,8/8/2008 0:00,306,Adventure Works Laptop15.4W M1548 Black,5,758,3411
200809263CS636,9/26/2008 0:00,306,Adventure Works Laptop15.4W M1548 Black,5,758,3411
200910183CS765,10/18/2009 0:00,306,Adventure Works Laptop15.4W M1548 Black,5,758,3032
200802064CS570,2/6/2008 0:00,199,Fabrikam Trendsetter 2/3'' 17mm X100 Black,5,980,4655
200802144CS549,2/14/2008 0:00,307,Fabrikam Trendsetter 2/3'' 17mm X100 Black,5,980,3920
200802284CS578,2/28/2008 0:00,199,Fabrikam Trendsetter 2/3'' 17mm X100 Black,5,980,4655
200808014CS608,8/1/2008 0:00,306,Fabrikam Trendsetter 1/3'' 8.5mm X200 Black,5,999,4495.5
200809194CS636,9/19/2008 0:00,306,Fabrikam Trendsetter 1/3'' 8.5mm X200 Black,5,999,4495.5
200809244CS636,9/24/2008 0:00,306,Fabrikam Trendsetter 2/3'' 17mm X100 Black,5,980,4410
200902054CS697,2/5/2009 0:00,307,Fabrikam Trendsetter 2/3'' 17mm X100 Black,5,980,3920
200902054CS820,2/5/2009 0:00,199,Fabrikam Trendsetter 2/3'' 17mm X100 Black,5,980,4655
200902204CS699,2/20/2009 0:00,307,Fabrikam Trendsetter 1/3'' 8.5mm X200 Black,5,999,3996
200903014CS827,3/1/2009 0:00,199,Fabrikam Trendsetter 2/3'' 17mm X100 Black,5,980,4655
200903054CS828,3/5/2009 0:00,199,Fabrikam Trendsetter 2/3'' 17mm X100 Black,5,980,4655
200903154CS708,3/15/2009 0:00,307,Fabrikam Trendsetter 2/3'' 17mm X100 Black,5,980,3920
200903174CS708,3/17/2009 0:00,307,Fabrikam Trendsetter 1/3'' 8.5mm X200 Black,5,999,3996
200904024CS709,4/2/2009 0:00,307,Fabrikam Trendsetter 1/3'' 8.5mm X200 Black,5,999,3996
200802074CS570,2/7/2008 0:00,199,Fabrikam Trendsetter 1/3'' 8.5mm X200 White,5,998,4740.5
200803064CS579,3/6/2008 0:00,199,Fabrikam Trendsetter 1/3'' 8.5mm X200 White,5,998,4740.5
200803074CS580,3/7/2008 0:00,199,Fabrikam Trendsetter 1/3'' 8.5mm X200 White,5,998,4740.5
200809174CS636,9/17/2008 0:00,306,Fabrikam Trendsetter 1/3'' 8.5mm X200 White,5,998,4491
200901224CS736,1/22/2009 0:00,306,Fabrikam Trendsetter 1/3'' 8.5mm X200 White,5,998,3992
200901254CS736,1/25/2009 0:00,306,Fabrikam Trendsetter 1/3'' 8.5mm X200 White,5,998,3992
200903054CS706,3/5/2009 0:00,307,Fabrikam Trendsetter 1/3'' 8.5mm X200 White,5,998,3992
200903174CS708,3/17/2009 0:00,307,Fabrikam Trendsetter 1/3'' 8.5mm X200 White,5,998,3992
200903204CS708,3/20/2009 0:00,307,Fabrikam Trendsetter 1/3'' 8.5mm X200 White,5,998,3992
200911134CS767,11/13/2009 0:00,306,Fabrikam Trendsetter 1/3'' 8.5mm X200 White,5,998,3992
200912284CS780,12/28/2009 0:00,306,Fabrikam Trendsetter 1/3'' 8.5mm X200 White,5,998,3992
200801184CS560,1/18/2008 0:00,199,Fabrikam Trendsetter 2/3'' 17mm X100 Grey,5,980,4655
200801204CS560,1/20/2008 0:00,199,Fabrikam Trendsetter 2/3'' 17mm X100 Grey,5,980,4655
200801204CS560,1/20/2008 0:00,199,Fabrikam Trendsetter 1/3'' 8.5mm X200 Grey,5,998,4740.5
200802054CS570,2/5/2008 0:00,199,Fabrikam Trendsetter 1/3'' 8.5mm X200 Grey,5,998,4740.5
200802124CS549,2/12/2008 0:00,307,Fabrikam Trendsetter 2/3'' 17mm X100 Grey,5,980,3920
200802134CS549,2/13/2008 0:00,307,Fabrikam Trendsetter 1/3'' 8.5mm X200 Grey,5,998,3992
200802194CS549,2/19/2008 0:00,307,Fabrikam Trendsetter 2/3'' 17mm X100 Grey,5,980,3920
200802284CS549,2/28/2008 0:00,307,Fabrikam Trendsetter 2/3'' 17mm X100 Grey,5,980,3920
200809254CS636,9/25/2008 0:00,306,Fabrikam Trendsetter 1/3'' 8.5mm X200 Grey,5,998,4491
200812124CS676,12/12/2008 0:00,306,Fabrikam Trendsetter 1/3'' 8.5mm X200 Grey,5,998,3992
200901264CS817,1/26/2009 0:00,199,Fabrikam Trendsetter 1/3'' 8.5mm X200 Grey,5,998,4740.5
200902044CS697,2/4/2009 0:00,307,Fabrikam Trendsetter 1/3'' 8.5mm X200 Grey,5,998,3992
200902124CS699,2/12/2009 0:00,307,Fabrikam Trendsetter 2/3'' 17mm X100 Grey,5,980,3920
200903024CS827,3/2/2009 0:00,199,Fabrikam Trendsetter 2/3'' 17mm X100 Grey,5,980,4655
200903274CS709,3/27/2009 0:00,307,Fabrikam Trendsetter 2/3'' 17mm X100 Grey,5,980,3920
200903274CS835,3/27/2009 0:00,199,Fabrikam Trendsetter 1/3'' 8.5mm X200 Grey,5,998,4740.5
200904054CS710,4/5/2009 0:00,307,Fabrikam Trendsetter 2/3'' 17mm X100 Grey,5,980,3920
200904174CS710,4/17/2009 0:00,307,Fabrikam Trendsetter 1/3'' 8.5mm X200 Grey,5,998,3992
200801233CS560,1/23/2008 0:00,199,Adventure Works Laptop15.4W M1548 Red,5,758,3600.5
200802163CS549,2/16/2008 0:00,307,Adventure Works Laptop15.4W M1548 Red,5,758,3032
200802253CS578,2/25/2008 0:00,199,Adventure Works Laptop15.4W M1548 Red,5,758,3600.5
200804153CS558,4/15/2008 0:00,307,Adventure Works Laptop15.4W M1548 Red,5,758,3032
200808133CS608,8/13/2008 0:00,306,Adventure Works Laptop15.4W M1548 Red,5,758,3411
200808163CS608,8/16/2008 0:00,306,Adventure Works Laptop15.4W M1548 Red,5,758,3411
200901183CS815,1/18/2009 0:00,199,Adventure Works Laptop15.4W M1548 Red,5,758,3600.5
200902033CS697,2/3/2009 0:00,307,Adventure Works Laptop15.4W M1548 Red,5,758,3032
200902063CS697,2/6/2009 0:00,307,Adventure Works Laptop15.4W M1548 Red,5,758,3032
200903033CS828,3/3/2009 0:00,199,Adventure Works Laptop15.4W M1548 Red,5,758,3600.5
200912233CS780,12/23/2009 0:00,306,Adventure Works Laptop15.4W M1548 Red,5,758,3032
200805285CS568,5/28/2008 0:00,307,Headphone Adapter for Contoso Phone E130 Silver,144,9.99,1294.704
200806055CS596,6/5/2008 0:00,307,Headphone Adapter for Contoso Phone E130 Silver,144,9.99,1294.704
200806155CS596,6/15/2008 0:00,307,Headphone Adapter for Contoso Phone E130 Silver,432,9.99,3884.112
200806265CS599,6/26/2008 0:00,307,Headphone Adapter for Contoso Phone E130 Silver,288,9.99,2589.408
200808175CS608,8/17/2008 0:00,306,Headphone Adapter for Contoso Phone E130 Silver,37,9.99,332.667
200808185CS670,8/18/2008 0:00,199,Headphone Adapter for Contoso Phone E130 Silver,144,9.99,1294.704
200809225CS636,9/22/2008 0:00,306,Headphone Adapter for Contoso Phone E130 Silver,108,9.99,971.028
200809275CS695,9/27/2008 0:00,199,Headphone Adapter for Contoso Phone E130 Silver,144,9.99,1294.704
200811095CS790,11/9/2008 0:00,199,Headphone Adapter for Contoso Phone E130 Silver,156,9.99,1246.752
200811105CS790,11/10/2008 0:00,199,Headphone Adapter for Contoso Phone E130 Silver,468,9.99,3740.256
200811195CS655,11/19/2008 0:00,307,Headphone Adapter for Contoso Phone E130 Silver,156,9.99,1324.674
200811205CS655,11/20/2008 0:00,307,Headphone Adapter for Contoso Phone E130 Silver,156,9.99,1324.674
200811215CS655,11/21/2008 0:00,307,Headphone Adapter for Contoso Phone E130 Silver,312,9.99,2649.348
200812025CS799,12/2/2008 0:00,199,Headphone Adapter for Contoso Phone E130 Silver,156,9.99,1246.752
200812035CS656,12/3/2008 0:00,307,Headphone Adapter for Contoso Phone E130 Silver,312,9.99,2649.348
200812095CS676,12/9/2008 0:00,306,Headphone Adapter for Contoso Phone E130 Silver,96,9.99,767.232
200812195CS669,12/19/2008 0:00,307,Headphone Adapter for Contoso Phone E130 Silver,312,9.99,2649.348
200812195CS806,12/19/2008 0:00,199,Headphone Adapter for Contoso Phone E130 Silver,156,9.99,1246.752
200812205CS676,12/20/2008 0:00,306,Headphone Adapter for Contoso Phone E130 Silver,96,9.99,767.232
200812205CS806,12/20/2008 0:00,199,Headphone Adapter for Contoso Phone E130 Silver,156,9.99,1246.752
200812245CS808,12/24/2008 0:00,199,Headphone Adapter for Contoso Phone E130 Silver,156,9.99,1246.752
200812255CS676,12/25/2008 0:00,306,Headphone Adapter for Contoso Phone E130 Silver,192,9.99,1534.464
200812315CS679,12/31/2008 0:00,307,Headphone Adapter for Contoso Phone E130 Silver,156,9.99,1324.674
200812315CS676,12/31/2008 0:00,306,Headphone Adapter for Contoso Phone E130 Silver,96,9.99,767.232
200901045CS676,1/4/2009 0:00,306,Headphone Adapter for Contoso Phone E130 Silver,192,9.99,1534.464
200901065CS736,1/6/2009 0:00,306,Headphone Adapter for Contoso Phone E130 Silver,192,9.99,1534.464
200901075CS679,1/7/2009 0:00,307,Headphone Adapter for Contoso Phone E130 Silver,312,9.99,2649.348
200901215CS736,1/21/2009 0:00,306,Headphone Adapter for Contoso Phone E130 Silver,192,9.99,1534.464
200901305CS697,1/30/2009 0:00,307,Headphone Adapter for Contoso Phone E130 Silver,624,9.99,5298.696
200902045CS697,2/4/2009 0:00,307,Headphone Adapter for Contoso Phone E130 Silver,216,9.99,1726.272
200902065CS737,2/6/2009 0:00,306,Headphone Adapter for Contoso Phone E130 Silver,288,9.99,2675.7216
200902225CS740,2/22/2009 0:00,306,Headphone Adapter for Contoso Phone E130 Silver,576,9.99,5351.4432
200903065CS830,3/6/2009 0:00,199,Headphone Adapter for Contoso Phone E130 Silver,432,9.99,4099.896
200903155CS708,3/15/2009 0:00,307,Headphone Adapter for Contoso Phone E130 Silver,432,9.99,3452.544
200903185CS708,3/18/2009 0:00,307,Headphone Adapter for Contoso Phone E130 Silver,216,9.99,1726.272
200904165CS710,4/16/2009 0:00,307,Headphone Adapter for Contoso Phone E130 Silver,216,9.99,1726.272
200906115CS716,6/11/2009 0:00,307,Headphone Adapter for Contoso Phone E130 Silver,864,9.99,7768.224
200906285CS717,6/28/2009 0:00,307,Headphone Adapter for Contoso Phone E130 Silver,576,9.99,5178.816
200907195CS879,7/19/2009 0:00,199,Headphone Adapter for Contoso Phone E130 Silver,576,9.99,5178.816
200908035CS886,8/3/2009 0:00,199,Headphone Adapter for Contoso Phone E130 Silver,288,9.99,2589.408
200908045CS887,8/4/2009 0:00,199,Headphone Adapter for Contoso Phone E130 Silver,288,9.99,2589.408
200908315CS899,8/31/2009 0:00,199,Headphone Adapter for Contoso Phone E130 Silver,288,9.99,2589.408
200910165CS765,10/16/2009 0:00,306,Headphone Adapter for Contoso Phone E130 Silver,384,9.99,3068.928
200910315CS767,10/31/2009 0:00,306,Headphone Adapter for Contoso Phone E130 Silver,384,9.99,3068.928
200911015CS729,11/1/2009 0:00,307,Headphone Adapter for Contoso Phone E130 Silver,312,9.99,2649.348
200911015CS767,11/1/2009 0:00,306,Headphone Adapter for Contoso Phone E130 Silver,192,9.99,1534.464
200911045CS926,11/4/2009 0:00,199,Headphone Adapter for Contoso Phone E130 Silver,312,9.99,2493.504
200911065CS729,11/6/2009 0:00,307,Headphone Adapter for Contoso Phone E130 Silver,312,9.99,2649.348
200911135CS730,11/13/2009 0:00,307,Headphone Adapter for Contoso Phone E130 Silver,312,9.99,2649.348
200911155CS767,11/15/2009 0:00,306,Headphone Adapter for Contoso Phone E130 Silver,192,9.99,1534.464
200911255CS935,11/25/2009 0:00,199,Headphone Adapter for Contoso Phone E130 Silver,936,9.99,7480.512
200912015CS938,12/1/2009 0:00,199,Headphone Adapter for Contoso Phone E130 Silver,1173,9.99,9374.616
200912015CS937,12/1/2009 0:00,199,Headphone Adapter for Contoso Phone E130 Silver,74,9.99,591.408
200912175CS780,12/17/2009 0:00,306,Headphone Adapter for Contoso Phone E130 Silver,192,9.99,1534.464
200912205CS780,12/20/2009 0:00,306,Headphone Adapter for Contoso Phone E130 Silver,192,9.99,1534.464
200912255CS950,12/25/2009 0:00,199,Headphone Adapter for Contoso Phone E130 Silver,264,9.99,2109.888
200912255CS949,12/25/2009 0:00,199,Headphone Adapter for Contoso Phone E130 Silver,44,9.99,351.648
200808145CS608,8/14/2008 0:00,306,Headphone Adapter for Contoso Phone E130 White,108,9.99,971.028
200809145CS636,9/14/2008 0:00,306,Headphone Adapter for Contoso Phone E130 White,108,9.99,971.028
200809165CS636,9/16/2008 0:00,306,Headphone Adapter for Contoso Phone E130 White,216,9.99,1942.056
200809185CS636,9/18/2008 0:00,306,Headphone Adapter for Contoso Phone E130 White,216,9.99,1942.056
200809225CS636,9/22/2008 0:00,306,Headphone Adapter for Contoso Phone E130 White,108,9.99,971.028
200810095CS636,10/9/2008 0:00,306,Headphone Adapter for Contoso Phone E130 White,96,9.99,767.232
200812245CS676,12/24/2008 0:00,306,Headphone Adapter for Contoso Phone E130 White,288,9.99,2301.696
200901235CS736,1/23/2009 0:00,306,Headphone Adapter for Contoso Phone E130 White,192,9.99,1534.464
200901255CS736,1/25/2009 0:00,306,Headphone Adapter for Contoso Phone E130 White,192,9.99,1534.464
200910125CS765,10/12/2009 0:00,306,Headphone Adapter for Contoso Phone E130 White,192,9.99,1534.464
200912245CS780,12/24/2009 0:00,306,Headphone Adapter for Contoso Phone E130 White,384,9.99,3068.928
200910265CS767,10/26/2009 0:00,306,Headphone Adapter for Contoso Phone E130 White,384,9.99,3068.928
200910305CS767,10/30/2009 0:00,306,Headphone Adapter for Contoso Phone E130 White,192,9.99,1534.464
200902045CS737,2/4/2009 0:00,306,Headphone Adapter for Contoso Phone E130 White,288,9.99,2675.7216
200902175CS737,2/17/2009 0:00,306,Headphone Adapter for Contoso Phone E130 White,576,9.99,5351.4432
200808095CS667,8/9/2008 0:00,199,Headphone Adapter for Contoso Phone E130 White,144,9.99,1294.704
200808095CS660,8/9/2008 0:00,199,Headphone Adapter for Contoso Phone E130 White,144,9.99,1294.704
200808135CS668,8/13/2008 0:00,199,Headphone Adapter for Contoso Phone E130 White,144,9.99,1294.704
200808225CS677,8/22/2008 0:00,199,Headphone Adapter for Contoso Phone E130 White,288,9.99,2589.408
200809045CS688,9/4/2008 0:00,199,Headphone Adapter for Contoso Phone E130 White,144,9.99,1294.704
200809105CS690,9/10/2008 0:00,199,Headphone Adapter for Contoso Phone E130 White,144,9.99,1294.704
200811105CS790,11/10/2008 0:00,199,Headphone Adapter for Contoso Phone E130 White,312,9.99,2493.504
200811185CS795,11/18/2008 0:00,199,Headphone Adapter for Contoso Phone E130 White,312,9.99,2493.504
200812035CS800,12/3/2008 0:00,199,Headphone Adapter for Contoso Phone E130 White,156,9.99,1246.752
200812305CS809,12/30/2008 0:00,199,Headphone Adapter for Contoso Phone E130 White,312,9.99,2493.504
200901295CS817,1/29/2009 0:00,199,Headphone Adapter for Contoso Phone E130 White,216,9.99,2049.948
200903035CS828,3/3/2009 0:00,199,Headphone Adapter for Contoso Phone E130 White,216,9.99,2049.948
200907125CS876,7/12/2009 0:00,199,Headphone Adapter for Contoso Phone E130 White,288,9.99,2589.408
200907185CS878,7/18/2009 0:00,199,Headphone Adapter for Contoso Phone E130 White,576,9.99,5178.816
200908245CS896,8/24/2009 0:00,199,Headphone Adapter for Contoso Phone E130 White,288,9.99,2589.408
200908315CS899,8/31/2009 0:00,199,Headphone Adapter for Contoso Phone E130 White,288,9.99,2589.408
200909025CS900,9/2/2009 0:00,199,Headphone Adapter for Contoso Phone E130 White,576,9.99,5178.816
200909205CS907,9/20/2009 0:00,199,Headphone Adapter for Contoso Phone E130 White,288,9.99,2589.408
200911035CS926,11/3/2009 0:00,199,Headphone Adapter for Contoso Phone E130 White,312,9.99,2493.504
200911035CS925,11/3/2009 0:00,199,Headphone Adapter for Contoso Phone E130 White,312,9.99,2493.504
200911085CS928,11/8/2009 0:00,199,Headphone Adapter for Contoso Phone E130 White,624,9.99,4987.008
200911305CS937,11/30/2009 0:00,199,Headphone Adapter for Contoso Phone E130 White,312,9.99,2493.504
200912235CS949,12/23/2009 0:00,199,Headphone Adapter for Contoso Phone E130 White,312,9.99,2493.504
200805215CS568,5/21/2008 0:00,307,Headphone Adapter for Contoso Phone E130 White,144,9.99,1294.704
200805265CS568,5/26/2008 0:00,307,Headphone Adapter for Contoso Phone E130 White,144,9.99,1294.704
200805285CS568,5/28/2008 0:00,307,Headphone Adapter for Contoso Phone E130 White,144,9.99,1294.704
200805305CS568,5/30/2008 0:00,307,Headphone Adapter for Contoso Phone E130 White,144,9.99,1294.704
200806105CS596,6/10/2008 0:00,307,Headphone Adapter for Contoso Phone E130 White,144,9.99,1294.704
200806285CS599,6/28/2008 0:00,307,Headphone Adapter for Contoso Phone E130 White,288,9.99,2589.408
200811035CS648,11/3/2008 0:00,307,Headphone Adapter for Contoso Phone E130 White,312,9.99,2649.348
200811195CS655,11/19/2008 0:00,307,Headphone Adapter for Contoso Phone E130 White,156,9.99,1324.674
200811245CS655,11/24/2008 0:00,307,Headphone Adapter for Contoso Phone E130 White,156,9.99,1324.674
200812015CS656,12/1/2008 0:00,307,Headphone Adapter for Contoso Phone E130 White,156,9.99,1324.674
200812025CS656,12/2/2008 0:00,307,Headphone Adapter for Contoso Phone E130 White,156,9.99,1324.674
200812175CS669,12/17/2008 0:00,307,Headphone Adapter for Contoso Phone E130 White,156,9.99,1324.674
200812225CS669,12/22/2008 0:00,307,Headphone Adapter for Contoso Phone E130 White,624,9.99,5298.696
200902235CS706,2/23/2009 0:00,307,Headphone Adapter for Contoso Phone E130 White,216,9.99,1726.272
200903035CS706,3/3/2009 0:00,307,Headphone Adapter for Contoso Phone E130 White,432,9.99,3452.544
200904055CS710,4/5/2009 0:00,307,Headphone Adapter for Contoso Phone E130 White,432,9.99,3452.544
200906085CS715,6/8/2009 0:00,307,Headphone Adapter for Contoso Phone E130 White,576,9.99,5178.816
200906145CS716,6/14/2009 0:00,307,Headphone Adapter for Contoso Phone E130 White,288,9.99,2589.408
200906205CS716,6/20/2009 0:00,307,Headphone Adapter for Contoso Phone E130 White,288,9.99,2589.408
200906235CS717,6/23/2009 0:00,307,Headphone Adapter for Contoso Phone E130 White,288,9.99,2589.408
200911025CS729,11/2/2009 0:00,307,Headphone Adapter for Contoso Phone E130 White,312,9.99,2649.348
200912295CS735,12/29/2009 0:00,307,Headphone Adapter for Contoso Phone E130 White,312,9.99,2649.348
200912305CS735,12/30/2009 0:00,307,Headphone Adapter for Contoso Phone E130 White,624,9.99,5298.696
200912315CS735,12/31/2009 0:00,307,Headphone Adapter for Contoso Phone E130 White,1560,9.99,13246.74
200802083CS570,2/8/2008 0:00,199,Adventure Works Laptop15.4W M1548 Red,6,758,4320.6
200808273CS678,8/27/2008 0:00,199,Adventure Works Laptop15.4W M1548 Red,6,758,4093.2
200811153CS655,11/15/2008 0:00,307,Adventure Works Laptop15.4W M1548 Red,6,758,3865.8
200811263CS797,11/26/2008 0:00,199,Adventure Works Laptop15.4W M1548 Red,6,758,3638.4
200812013CS799,12/1/2008 0:00,199,Adventure Works Laptop15.4W M1548 Red,6,758,3638.4
200901283CS817,1/28/2009 0:00,199,Adventure Works Laptop15.4W M1548 Red,6,758,4320.6
200901303CS818,1/30/2009 0:00,199,Adventure Works Laptop15.4W M1548 Red,6,758,4320.6
200902093CS699,2/9/2009 0:00,307,Adventure Works Laptop15.4W M1548 Red,6,758,3638.4
200902113CS699,2/11/2009 0:00,307,Adventure Works Laptop15.4W M1548 Red,6,758,3638.4
200902223CS706,2/22/2009 0:00,307,Adventure Works Laptop15.4W M1548 Red,6,758,3638.4
200902263CS740,2/26/2009 0:00,306,Adventure Works Laptop15.4W M1548 Red,6,758,4229.64
200902283CS740,2/28/2009 0:00,306,Adventure Works Laptop15.4W M1548 Red,6,758,4229.64
200903173CS708,3/17/2009 0:00,307,Adventure Works Laptop15.4W M1548 Red,6,758,3638.4
200906073CS715,6/7/2009 0:00,307,Adventure Works Laptop15.4W M1548 Red,6,758,4093.2
200910123CS765,10/12/2009 0:00,306,Adventure Works Laptop15.4W M1548 Red,6,758,3638.4
200911083CS730,11/8/2009 0:00,307,Adventure Works Laptop15.4W M1548 Red,6,758,3865.8
200911143CS930,11/14/2009 0:00,199,Adventure Works Laptop15.4W M1548 Red,6,758,3638.4
200808104CS667,8/10/2008 0:00,199,Fabrikam Trendsetter 2/3'' 17mm X100 Grey,6,980,5292
200811044CS788,11/4/2008 0:00,199,Fabrikam Trendsetter 2/3'' 17mm X100 Grey,6,980,4704
200811064CS789,11/6/2008 0:00,199,Fabrikam Trendsetter 2/3'' 17mm X100 Grey,6,980,4704
200811074CS789,11/7/2008 0:00,199,Fabrikam Trendsetter 2/3'' 17mm X100 Grey,6,980,4704
200812314CS810,12/31/2008 0:00,199,Fabrikam Trendsetter 1/3'' 8.5mm X200 Grey,6,998,4790.4
200902034CS819,2/3/2009 0:00,199,Fabrikam Trendsetter 1/3'' 8.5mm X200 Grey,6,998,5688.6
200903074CS830,3/7/2009 0:00,199,Fabrikam Trendsetter 1/3'' 8.5mm X200 Grey,6,998,5688.6
200903254CS835,3/25/2009 0:00,199,Fabrikam Trendsetter 2/3'' 17mm X100 Grey,6,980,5586
200903264CS835,3/26/2009 0:00,199,Fabrikam Trendsetter 2/3'' 17mm X100 Grey,6,980,5586
200903314CS836,3/31/2009 0:00,199,Fabrikam Trendsetter 1/3'' 8.5mm X200 Grey,6,998,5688.6
200907224CS880,7/22/2009 0:00,199,Fabrikam Trendsetter 2/3'' 17mm X100 Grey,6,980,5292
200909274CS910,9/27/2009 0:00,199,Fabrikam Trendsetter 1/3'' 8.5mm X200 Grey,6,998,5389.2
200911104CS929,11/10/2009 0:00,199,Fabrikam Trendsetter 1/3'' 8.5mm X200 Grey,6,998,4790.4
200912154CS946,12/15/2009 0:00,199,Fabrikam Trendsetter 2/3'' 17mm X100 Grey,6,980,4704
200912174CS946,12/17/2009 0:00,199,Fabrikam Trendsetter 1/3'' 8.5mm X200 Grey,6,998,4790.4
200802094CS549,2/9/2008 0:00,307,Fabrikam Trendsetter 2/3'' 17mm X100 Grey,6,980,4704
200802184CS549,2/18/2008 0:00,307,Fabrikam Trendsetter 1/3'' 8.5mm X200 Grey,6,998,4790.4
200802184CS549,2/18/2008 0:00,307,Fabrikam Trendsetter 2/3'' 17mm X100 Grey,6,980,4704
200804234CS558,4/23/2008 0:00,307,Fabrikam Trendsetter 2/3'' 17mm X100 Grey,6,980,4704
200811054CS648,11/5/2008 0:00,307,Fabrikam Trendsetter 1/3'' 8.5mm X200 Grey,6,998,5089.8
200812024CS656,12/2/2008 0:00,307,Fabrikam Trendsetter 1/3'' 8.5mm X200 Grey,6,998,5089.8
200812144CS669,12/14/2008 0:00,307,Fabrikam Trendsetter 2/3'' 17mm X100 Grey,6,980,4998
200812234CS669,12/23/2008 0:00,307,Fabrikam Trendsetter 2/3'' 17mm X100 Grey,6,980,4998
200902154CS699,2/15/2009 0:00,307,Fabrikam Trendsetter 2/3'' 17mm X100 Grey,6,980,4704
200902244CS706,2/24/2009 0:00,307,Fabrikam Trendsetter 2/3'' 17mm X100 Grey,6,980,4704
200903194CS708,3/19/2009 0:00,307,Fabrikam Trendsetter 1/3'' 8.5mm X200 Grey,6,998,4790.4
200904114CS710,4/11/2009 0:00,307,Fabrikam Trendsetter 2/3'' 17mm X100 Grey,6,980,4704
200801044CS525,1/4/2008 0:00,306,Fabrikam Trendsetter 2/3'' 17mm X100 Grey,6,980,4704
200802084CS529,2/8/2008 0:00,306,Fabrikam Trendsetter 2/3'' 17mm X100 Grey,6,980,5468.4
200803214CS555,3/21/2008 0:00,306,Fabrikam Trendsetter 2/3'' 17mm X100 Grey,6,980,5468.4
200803224CS555,3/22/2008 0:00,306,Fabrikam Trendsetter 2/3'' 17mm X100 Grey,6,980,5468.4
200810014CS636,10/1/2008 0:00,306,Fabrikam Trendsetter 2/3'' 17mm X100 Grey,6,980,4704
200812314CS676,12/31/2008 0:00,306,Fabrikam Trendsetter 2/3'' 17mm X100 Grey,6,980,4704
200901134CS736,1/13/2009 0:00,306,Fabrikam Trendsetter 2/3'' 17mm X100 Grey,6,980,4704
200902084CS737,2/8/2009 0:00,306,Fabrikam Trendsetter 1/3'' 8.5mm X200 Grey,6,998,5568.84
200911104CS767,11/10/2009 0:00,306,Fabrikam Trendsetter 2/3'' 17mm X100 Grey,6,980,4704
200912174CS780,12/17/2009 0:00,306,Fabrikam Trendsetter 2/3'' 17mm X100 Grey,6,980,4704
200902074CS697,2/7/2009 0:00,307,Fabrikam Trendsetter 1/3'' 8.5mm X200 White,6,998,4790.4
200906214CS717,6/21/2009 0:00,307,Fabrikam Trendsetter 1/3'' 8.5mm X200 White,6,998,5389.2
200802244CS575,2/24/2008 0:00,199,Fabrikam Trendsetter 1/3'' 8.5mm X200 White,6,998,5688.6
200903054CS828,3/5/2009 0:00,199,Fabrikam Trendsetter 1/3'' 8.5mm X200 White,6,998,5688.6
200803124CS555,3/12/2008 0:00,306,Fabrikam Trendsetter 1/3'' 8.5mm X200 White,6,998,5568.84
200808154CS608,8/15/2008 0:00,306,Fabrikam Trendsetter 1/3'' 8.5mm X200 White,6,998,5389.2
200912204CS780,12/20/2009 0:00,306,Fabrikam Trendsetter 1/3'' 8.5mm X200 White,6,998,4790.4
200802283CS578,2/28/2008 0:00,199,Adventure Works Laptop15.4W M1548 Black,6,758,4320.6
200807013CS627,7/1/2008 0:00,199,Adventure Works Laptop15.4W M1548 Black,6,758,4093.2
200809033CS686,9/3/2008 0:00,199,Adventure Works Laptop15.4W M1548 Black,6,758,4093.2
200809113CS690,9/11/2008 0:00,199,Adventure Works Laptop15.4W M1548 Black,6,758,4093.2
200811043CS788,11/4/2008 0:00,199,Adventure Works Laptop15.4W M1548 Black,6,758,3638.4
200812053CS800,12/5/2008 0:00,199,Adventure Works Laptop15.4W M1548 Black,6,758,3638.4
200903313CS836,3/31/2009 0:00,199,Adventure Works Laptop15.4W M1548 Black,6,758,4320.6
200907113CS875,7/11/2009 0:00,199,Adventure Works Laptop15.4W M1548 Black,6,758,4093.2
200912203CS947,12/20/2009 0:00,199,Adventure Works Laptop15.4W M1548 Black,6,758,3638.4
200802073CS549,2/7/2008 0:00,307,Adventure Works Laptop15.4W M1548 Black,6,758,3638.4
200802113CS549,2/11/2008 0:00,307,Adventure Works Laptop15.4W M1548 Black,6,758,3638.4
200812013CS656,12/1/2008 0:00,307,Adventure Works Laptop15.4W M1548 Black,6,758,3865.8
200902023CS697,2/2/2009 0:00,307,Adventure Works Laptop15.4W M1548 Black,6,758,3638.4
200903263CS709,3/26/2009 0:00,307,Adventure Works Laptop15.4W M1548 Black,6,758,3638.4
200801303CS529,1/30/2008 0:00,306,Adventure Works Laptop15.4W M1548 Black,6,758,3638.4
200802063CS529,2/6/2008 0:00,306,Adventure Works Laptop15.4W M1548 Black,6,758,4229.64
200804183CS567,4/18/2008 0:00,306,Adventure Works Laptop15.4W M1548 Black,6,758,4229.64
200812293CS676,12/29/2008 0:00,306,Adventure Works Laptop15.4W M1548 Black,6,758,3638.4
200902133CS737,2/13/2009 0:00,306,Adventure Works Laptop15.4W M1548 Black,6,758,4229.64
200801224CS560,1/22/2008 0:00,199,Fabrikam Trendsetter 1/3'' 8.5mm X200 Black,6,999,5694.3
200801234CS560,1/23/2008 0:00,199,Fabrikam Trendsetter 1/3'' 8.5mm X200 Black,6,999,5694.3
200802244CS575,2/24/2008 0:00,199,Fabrikam Trendsetter 2/3'' 17mm X100 Black,6,980,5586
200802274CS578,2/27/2008 0:00,199,Fabrikam Trendsetter 2/3'' 17mm X100 Black,6,980,5586
200803074CS580,3/7/2008 0:00,199,Fabrikam Trendsetter 2/3'' 17mm X100 Black,6,980,5586
200808114CS667,8/11/2008 0:00,199,Fabrikam Trendsetter 1/3'' 8.5mm X200 Black,6,999,5394.6
200808224CS677,8/22/2008 0:00,199,Fabrikam Trendsetter 2/3'' 17mm X100 Black,6,980,5292
200809264CS695,9/26/2008 0:00,199,Fabrikam Trendsetter 2/3'' 17mm X100 Black,6,980,5292
200909184CS907,9/18/2009 0:00,199,Fabrikam Trendsetter 1/3'' 8.5mm X200 Black,6,999,5394.6
200912234CS949,12/23/2009 0:00,199,Fabrikam Trendsetter 2/3'' 17mm X100 Black,6,980,4704
200806024CS568,6/2/2008 0:00,307,Fabrikam Trendsetter 1/3'' 8.5mm X200 Black,6,999,5394.6
200806174CS596,6/17/2008 0:00,307,Fabrikam Trendsetter 1/3'' 8.5mm X200 Black,6,999,5394.6
200811224CS655,11/22/2008 0:00,307,Fabrikam Trendsetter 2/3'' 17mm X100 Black,6,980,4998
200812174CS669,12/17/2008 0:00,307,Fabrikam Trendsetter 1/3'' 8.5mm X200 Black,6,999,5094.9
200901114CS680,1/11/2009 0:00,307,Fabrikam Trendsetter 2/3'' 17mm X100 Black,6,980,4998
200903044CS706,3/4/2009 0:00,307,Fabrikam Trendsetter 2/3'' 17mm X100 Black,6,980,4704
200906124CS716,6/12/2009 0:00,307,Fabrikam Trendsetter 1/3'' 8.5mm X200 Black,6,999,5394.6
200906254CS717,6/25/2009 0:00,307,Fabrikam Trendsetter 2/3'' 17mm X100 Black,6,980,5292
200803224CS555,3/22/2008 0:00,306,Fabrikam Trendsetter 1/3'' 8.5mm X200 Black,6,999,5574.42
200810044CS636,10/4/2008 0:00,306,Fabrikam Trendsetter 2/3'' 17mm X100 Black,6,980,4704
200812114CS676,12/11/2008 0:00,306,Fabrikam Trendsetter 2/3'' 17mm X100 Black,6,980,4704
200812174CS676,12/17/2008 0:00,306,Fabrikam Trendsetter 1/3'' 8.5mm X200 Black,6,999,4795.2
200812214CS676,12/21/2008 0:00,306,Fabrikam Trendsetter 2/3'' 17mm X100 Black,6,980,4704
